-- MySQL dump 10.13  Distrib 8.0.20, for Win64 (x86_64)
--
-- Host: localhost    Database: vk
-- ------------------------------------------------------
-- Server version	8.0.20

/*!40101 SET @OLD_CHARACTER_SET_CLIENT=@@CHARACTER_SET_CLIENT */;
/*!40101 SET @OLD_CHARACTER_SET_RESULTS=@@CHARACTER_SET_RESULTS */;
/*!40101 SET @OLD_COLLATION_CONNECTION=@@COLLATION_CONNECTION */;
/*!50503 SET NAMES utf8mb4 */;
/*!40103 SET @OLD_TIME_ZONE=@@TIME_ZONE */;
/*!40103 SET TIME_ZONE='+00:00' */;
/*!40014 SET @OLD_UNIQUE_CHECKS=@@UNIQUE_CHECKS, UNIQUE_CHECKS=0 */;
/*!40014 SET @OLD_FOREIGN_KEY_CHECKS=@@FOREIGN_KEY_CHECKS, FOREIGN_KEY_CHECKS=0 */;
/*!40101 SET @OLD_SQL_MODE=@@SQL_MODE, SQL_MODE='NO_AUTO_VALUE_ON_ZERO' */;
/*!40111 SET @OLD_SQL_NOTES=@@SQL_NOTES, SQL_NOTES=0 */;

--
-- Table structure for table `comments`
--

DROP TABLE IF EXISTS `comments`;
/*!40101 SET @saved_cs_client     = @@character_set_client */;
/*!50503 SET character_set_client = utf8mb4 */;
CREATE TABLE `comments` (
  `id` bigint unsigned NOT NULL AUTO_INCREMENT,
  `user_id` bigint unsigned NOT NULL,
  `post_id` bigint unsigned NOT NULL,
  `body` text CHARACTER SET utf8 COLLATE utf8_unicode_ci,
  `created_at` datetime DEFAULT CURRENT_TIMESTAMP,
  `updated_at` datetime DEFAULT CURRENT_TIMESTAMP ON UPDATE CURRENT_TIMESTAMP,
  PRIMARY KEY (`id`),
  KEY `user_id` (`user_id`),
  KEY `post_id` (`post_id`),
  CONSTRAINT `comments_ibfk_1` FOREIGN KEY (`user_id`) REFERENCES `users` (`id`),
  CONSTRAINT `comments_ibfk_2` FOREIGN KEY (`post_id`) REFERENCES `posts` (`id`)
) ENGINE=InnoDB AUTO_INCREMENT=101 DEFAULT CHARSET=utf8 COLLATE=utf8_unicode_ci;
/*!40101 SET character_set_client = @saved_cs_client */;

--
-- Dumping data for table `comments`
--

LOCK TABLES `comments` WRITE;
/*!40000 ALTER TABLE `comments` DISABLE KEYS */;
INSERT INTO `comments` VALUES (1,1,1,'Officia omnis qui enim ipsum tenetur numquam voluptatem. Culpa suscipit quasi consequatur. Fugiat ratione sit sint provident expedita. Deleniti laboriosam non at doloremque aut. Placeat error recusandae aut qui deleniti earum enim et.','1974-09-18 02:44:13','1977-09-20 11:21:40'),(2,2,2,'Et aperiam sint labore ipsum. Reiciendis est voluptas dolore alias. Alias doloribus est repellendus et est velit doloribus. Voluptatum voluptas recusandae omnis. Omnis quis optio qui consequatur.','1980-06-28 15:45:59','1978-12-21 14:47:37'),(3,3,3,'Recusandae porro perspiciatis reprehenderit quia eum. In eos veritatis suscipit nam maiores aut est repellendus. Repellendus nulla omnis dolorum officia blanditiis quo. Occaecati quod at sunt quasi molestiae velit.','1982-04-12 03:06:27','1998-09-30 16:17:32'),(4,4,4,'Reiciendis officia quia numquam dolor officia ex voluptates quia. Enim velit culpa dolor expedita. Ut ut et adipisci. Libero neque accusamus quo est.','2017-01-17 07:50:44','2017-03-28 16:39:02'),(5,5,5,'Sequi nesciunt officia ut ut molestiae quo vel. Recusandae fuga doloribus aspernatur. Neque odio ut laudantium cupiditate voluptas temporibus et.','2013-05-08 12:09:07','1984-09-08 22:56:02'),(6,6,6,'Eos quo doloribus nihil mollitia quos perferendis. Veniam autem error aliquid placeat aut qui. Iure fuga eos voluptates ut nemo culpa voluptate. Reiciendis laudantium inventore sit consequatur.','2007-04-21 07:57:54','1982-07-02 23:00:22'),(7,7,7,'Optio doloremque temporibus et. Ab quo velit totam totam consequatur laudantium eligendi. Quia neque perspiciatis repudiandae voluptatum praesentium occaecati ut aperiam.','2013-04-21 11:10:19','2011-11-23 09:59:48'),(8,8,8,'Similique ipsa qui eaque ut exercitationem. Velit quae facere voluptas. Expedita et facere eum voluptatem quod ut ut aspernatur.','1998-09-06 07:45:54','1990-07-20 00:45:28'),(9,9,9,'Quis beatae facere est nemo quas. Aut dolore expedita voluptatibus necessitatibus. Doloremque quia quos a tenetur architecto libero fuga. Quod nemo enim commodi facilis.','1975-12-04 06:13:59','1988-03-26 12:50:54'),(10,10,10,'Et debitis nisi maiores iure. Non neque et ullam est qui. Itaque necessitatibus qui est aut. Omnis culpa consequatur tempora dicta laudantium assumenda laboriosam.','2002-05-09 09:30:26','1975-06-13 19:14:11'),(11,11,11,'Tempora voluptatem est aspernatur ea et nulla. Unde autem voluptas vel rem rem facere fugit. Nemo reprehenderit sit rerum sit ut.','1979-01-08 10:12:03','1993-02-21 21:44:41'),(12,12,12,'Sed ducimus laboriosam eos. Et quia et tempore dolorem accusamus et. Quis eum quia placeat rerum tempora. Quo quo est modi.','1999-09-04 10:45:19','1976-10-25 08:17:38'),(13,13,13,'Animi ratione optio non ut occaecati dolor. Dolorem qui laudantium numquam ullam voluptatem qui nihil debitis. Minus possimus ea officiis rerum minima.','1995-09-21 21:15:33','1973-10-17 02:55:57'),(14,14,14,'Quaerat expedita in officiis dolor culpa sequi. Assumenda nulla velit sunt cum. Molestiae fugit eum autem quia.','1991-06-07 17:44:56','2009-03-18 03:40:15'),(15,15,15,'Sunt ut minima quisquam est. Sed labore animi excepturi enim voluptatem dolore tenetur.','1972-06-30 05:59:19','2001-02-02 17:52:38'),(16,16,16,'Consectetur ad facere optio nesciunt. Ea architecto in dolore est. Placeat mollitia ipsam et omnis dolore sunt.','1989-05-28 12:07:26','1971-08-15 23:16:06'),(17,17,17,'Explicabo ullam quia ab molestiae alias vel quia. Et voluptatem quia occaecati itaque reprehenderit. Alias sunt illo sed sint in.','1982-10-01 01:38:36','1973-02-22 23:59:38'),(18,18,18,'Consequuntur officiis tempore numquam quis. Eos facilis qui distinctio architecto ut. Dolore aspernatur maiores eum quisquam ut et saepe. Sint minus et nulla ea.','1970-07-14 00:19:35','2012-01-07 13:18:27'),(19,19,19,'Sint possimus non ut consectetur eveniet vel. Laudantium odit ut tenetur perferendis pariatur. Blanditiis aut laudantium rerum ipsum. Consequatur veritatis quae tenetur aut molestiae iste.','1974-11-03 19:41:12','1991-02-15 01:11:35'),(20,20,20,'Maxime vel eius qui culpa. Impedit reprehenderit ea cum esse harum similique. Et voluptatem vitae reprehenderit dolorem.','2001-07-14 11:21:10','1996-10-06 04:41:45'),(21,21,21,'Qui iste soluta id in quia porro. Doloremque tempore qui commodi quae mollitia recusandae. Eligendi omnis ipsam ut blanditiis earum ea et.','2018-12-08 10:00:10','1975-11-23 14:11:58'),(22,22,22,'Ex dolor magni quasi asperiores explicabo at unde. Quos officiis aut magnam aut.','2016-10-16 14:30:09','2003-02-02 09:04:33'),(23,23,23,'Iure sit sit id omnis. Repellat in voluptas quas.','1993-05-07 18:28:55','1991-04-15 21:27:05'),(24,24,24,'Vitae nostrum et omnis porro deserunt ut rerum quia. Aut praesentium aut ex fuga qui magnam. Aliquam cupiditate molestiae velit aut repudiandae aut ea.','1988-09-15 18:14:49','2002-01-30 20:59:57'),(25,25,25,'Odio autem minima non velit. Velit distinctio quo est adipisci officiis. Omnis laborum labore quo ea porro. Ad perferendis expedita vitae. Rerum assumenda error laborum corporis recusandae est omnis.','1994-07-04 02:48:45','1976-01-21 15:25:53'),(26,26,26,'Facere iusto recusandae velit libero. Dolor sunt aperiam sequi inventore hic qui qui. Fugit et itaque est quos.','1972-07-25 13:41:00','1975-07-16 09:52:58'),(27,27,27,'Totam tempore iste tempora. Illum aliquam magni eos dolorem et inventore. Ea unde nulla illum mollitia voluptatibus. Voluptate quam qui numquam qui cupiditate itaque voluptatem.','2008-05-15 21:44:47','1990-09-04 23:14:53'),(28,28,28,'Omnis quas distinctio et atque illo possimus necessitatibus. Aliquam et sint consequatur sunt non.','2011-09-09 13:23:33','1985-08-25 03:41:17'),(29,29,29,'Porro explicabo nisi modi. Quia sint dolores rem deleniti sunt enim. Amet in tempora rem voluptate pariatur autem esse eos. Animi aut rem modi at qui facilis.','1975-05-04 08:05:06','1996-09-16 10:59:15'),(30,30,30,'Iusto est in et sed voluptatem eius distinctio rerum. Assumenda et qui et earum voluptas labore. Minima voluptatum quo perferendis sit laborum quisquam hic.','1999-02-22 09:05:01','2018-10-22 05:57:52'),(31,31,31,'Esse incidunt laborum id quos excepturi asperiores et velit. Ipsum accusamus est assumenda quaerat.','2005-07-19 11:54:35','1980-04-01 09:47:01'),(32,32,32,'Adipisci iusto sint id cupiditate est aliquam fugiat. Nemo unde rerum quia nihil odio.','1993-12-05 14:10:42','2000-01-12 17:19:42'),(33,33,33,'Sequi quae rem tempora. Dolorem vel hic enim. Quasi impedit earum iure unde. Et soluta sed odio sint nam perspiciatis quia.','1994-01-28 18:13:13','2011-12-27 03:40:03'),(34,34,34,'Sit porro et nemo id voluptas assumenda. Voluptatem molestiae corrupti ut. Praesentium autem possimus enim sit distinctio porro. Voluptatum sit deleniti esse quia quos dolorem.','2014-12-10 05:34:30','1989-11-23 23:26:56'),(35,35,35,'Accusamus impedit suscipit dolorem atque cum suscipit mollitia autem. Omnis doloribus aliquid quis ut aut enim odio. Labore nemo repudiandae autem rerum quod quo eos. Est cum cupiditate debitis quibusdam dolores.','1988-04-23 05:44:17','1994-01-30 10:19:32'),(36,36,36,'Dicta a et sint ad quia. Odit delectus qui soluta est. Aut ut et praesentium esse eligendi ea quo.','2004-01-30 17:25:03','1980-12-07 01:57:52'),(37,37,37,'Ipsa ut rerum velit numquam ullam. Tempore minus omnis ad voluptatem qui. Ut dolor aspernatur blanditiis voluptatibus. Porro officiis aut omnis eum sint nihil aliquam.','1995-05-16 17:24:56','2020-07-13 11:11:48'),(38,38,38,'Ad voluptates voluptates inventore aperiam asperiores. Adipisci sunt hic quo corporis quia eum non. Quidem facilis quia voluptas ab et rem quia. Vel nemo quod explicabo quas accusantium aliquam nam.','1971-01-29 09:54:39','2013-01-18 13:44:00'),(39,39,39,'Optio quisquam aspernatur est enim est odit. Neque autem temporibus facere molestiae dolorem. Alias voluptatum quaerat quo fuga.','1998-10-15 10:39:16','1985-03-26 20:51:25'),(40,40,40,'Consequuntur distinctio sed reprehenderit totam. Minima esse nobis fugit deleniti consequatur. Facilis inventore a fuga ut sunt.','1985-06-22 19:57:53','1983-05-01 16:40:04'),(41,41,41,'Aut possimus ea quia sit. Fuga neque id dolorum temporibus suscipit illum dolores.','1974-07-06 00:18:25','1994-11-18 23:16:32'),(42,42,42,'Nemo et quam vel nostrum. Ut laudantium nobis iusto deserunt consectetur. Est consequatur et inventore qui in.','1976-04-18 14:04:11','1980-03-14 16:31:31'),(43,43,43,'Provident recusandae fuga et similique cumque eveniet. Doloremque quibusdam veniam eaque voluptatem. Quod enim accusantium quo maiores aliquid est aspernatur. Quasi dolores consequatur minus. Laudantium quidem voluptatibus quam praesentium.','1994-02-11 15:09:14','1995-09-15 11:55:22'),(44,44,44,'Dolor quis odit qui nostrum quam error totam. Corrupti odio sit odit minima autem. Neque voluptas unde qui harum qui et animi perferendis. Et impedit voluptatem facilis veritatis.','1994-01-28 06:12:02','2012-08-19 17:55:43'),(45,45,45,'Consectetur quibusdam dignissimos aspernatur minus. Libero sed omnis qui magni alias corporis in. Repellendus sunt velit alias eum perferendis ipsam.','2010-04-28 11:32:18','1993-02-06 17:08:14'),(46,46,46,'Aut aut omnis consectetur rem sunt doloremque repudiandae nihil. Minus molestiae qui sed ab. Eum necessitatibus et quia velit aliquid praesentium.','1975-10-26 15:08:20','2010-12-07 12:45:53'),(47,47,47,'A explicabo accusantium recusandae nihil voluptatem commodi id cumque. Quaerat sequi unde nihil magnam molestias quasi. Aut aut commodi qui alias nulla. Assumenda harum doloribus temporibus quo aut ea.','1979-04-24 15:15:21','2015-02-17 16:49:53'),(48,48,48,'Et omnis eius eligendi vero. Sit libero voluptas sed ad. Dolore quia omnis dignissimos ut cum sunt consectetur quidem. Alias quia similique magni ut doloremque quas. Facere minima voluptatibus fugit deserunt hic odit.','1994-10-29 06:13:01','1981-02-24 13:23:32'),(49,49,49,'Unde aut dolor sed ratione. Sint mollitia molestiae sit repellendus explicabo enim. Dolore ipsum corrupti magni id.','1990-09-03 05:25:06','1988-10-03 12:51:33'),(50,50,50,'Deserunt eveniet culpa sapiente nulla qui aliquam ipsam ullam. Distinctio dicta temporibus omnis voluptas deserunt neque. Qui nesciunt fugiat sint rerum. Voluptates recusandae labore quod omnis quam qui.','2010-05-06 05:02:16','1983-07-02 18:50:59'),(51,51,51,'Qui qui omnis saepe minima sapiente consequuntur tempora. Ut aliquam asperiores dolores beatae. Est dolorem hic nihil perspiciatis nemo ea.','2020-06-21 04:36:20','2018-01-18 15:42:40'),(52,52,52,'Facilis sunt omnis ratione neque quia accusamus laudantium. Cumque aperiam quod eos velit soluta et voluptatum consequatur. Tempore doloribus incidunt non placeat sint. Debitis consequatur rerum exercitationem minus qui.','2006-02-08 23:42:30','1993-08-03 18:10:25'),(53,53,53,'Ratione voluptatibus voluptatem expedita et suscipit nam. Sequi eum animi repellendus error accusantium libero. Sed accusantium et asperiores et. Quisquam amet sunt quae ut aut necessitatibus. Enim nesciunt omnis ipsam consectetur.','1979-11-16 22:05:22','1992-05-04 02:39:03'),(54,54,54,'Corporis ut voluptate quasi doloremque aut perferendis. Suscipit eius quia distinctio et nobis nostrum eum fugit. Veniam quia dolor rerum vitae blanditiis ut. Voluptatem magni distinctio iure vitae et. Corporis aut aliquid laudantium quia.','2001-04-07 17:41:42','1993-09-06 14:37:01'),(55,55,55,'Nesciunt nisi ut enim ullam optio voluptatem. Eos cumque voluptatibus iste consequatur culpa beatae.','2009-09-30 20:30:58','2000-12-07 22:48:07'),(56,56,56,'Modi eaque eum aut dolores non. Voluptatem repellat enim repellendus laudantium at dolore. Modi perferendis velit quaerat id. Et saepe deleniti molestiae voluptate vero. Aut quia cumque velit iste officia.','1975-07-20 07:50:34','2005-04-29 17:53:46'),(57,57,57,'Neque repudiandae qui molestiae. Exercitationem velit facilis voluptate cum labore. Ad esse magni officiis et qui est quia. Eum perferendis quod quis sit recusandae.','1985-04-26 11:14:30','1997-06-16 19:32:41'),(58,58,58,'Sit quia adipisci minus incidunt et dolor debitis qui. Voluptas quia voluptatem id sed dolor provident est. Dolor magni eius perspiciatis vitae. Ex fugit itaque quia deleniti.','2013-03-29 22:04:27','2011-08-15 14:53:26'),(59,59,59,'Tempora itaque eius delectus non quidem facere sed. Doloremque occaecati sequi nihil itaque minus velit molestias qui.','2003-09-06 03:29:41','2004-02-06 15:33:31'),(60,60,60,'Sequi reprehenderit hic maxime enim assumenda. Expedita assumenda est consequuntur quo ullam vero.','1998-08-18 02:55:44','2003-05-29 09:00:41'),(61,61,61,'Explicabo ut excepturi aut hic. Reiciendis repellat eum doloribus. Delectus quae pariatur quo et saepe asperiores. Reprehenderit et et qui. Quis iusto qui voluptatem unde tempora consequatur consequatur.','1996-09-21 03:22:43','1975-12-19 20:13:36'),(62,62,62,'Distinctio dolor nam sed voluptatem eos eaque. Ut aperiam mollitia quae exercitationem corrupti ea. Distinctio et qui eos aut. Dicta et saepe consectetur laudantium nihil exercitationem.','2016-08-23 15:25:38','2019-06-05 02:35:39'),(63,63,63,'Eveniet velit fugiat sunt veniam. Aut est repellat qui magnam ullam explicabo. Illum est rem unde.','1999-12-13 13:57:34','2001-12-23 07:31:27'),(64,64,64,'Culpa et eligendi esse suscipit est. Et et quasi praesentium. Voluptatum esse nisi et porro. Tempore accusantium sint aut nam libero placeat.','2017-04-16 21:39:22','2006-05-16 01:19:24'),(65,65,65,'Non voluptas architecto consequuntur. Quisquam aliquid error aut explicabo quas quis. Minus consequatur alias optio iste quia ut. Natus architecto dicta omnis natus id repudiandae totam porro.','1976-01-03 01:53:43','1980-03-13 21:37:32'),(66,66,66,'Assumenda quas voluptatem quia praesentium odit ex esse. Nesciunt rem alias magni nihil quia.','2016-12-08 21:27:26','1997-05-03 10:10:52'),(67,67,67,'Ut excepturi consequatur id enim. Omnis eum sit ipsa nisi sapiente. Et enim qui in laboriosam.','2003-09-10 07:44:11','2006-09-01 04:11:15'),(68,68,68,'Quod saepe autem voluptates quibusdam officia quo. Ut quas voluptatem ut molestias consequatur. Voluptatem suscipit quidem ducimus possimus culpa. Suscipit dolores et fuga adipisci.','1985-10-16 04:12:52','2014-07-07 16:02:14'),(69,69,69,'Quia et ea rem labore iusto. Sit facere ad voluptates aliquam. Velit libero rem reiciendis non maxime rem.','1981-06-08 13:00:43','1983-10-30 15:31:56'),(70,70,70,'Voluptas qui sit eveniet magni mollitia suscipit neque. Quam rem praesentium accusamus ullam libero. Placeat ipsam eligendi consequatur ad deleniti molestias sunt. Veritatis perferendis soluta sunt quibusdam adipisci.','2013-08-23 23:10:16','1993-06-10 04:00:51'),(71,71,71,'Voluptatum rerum minus saepe culpa. Et dignissimos nulla nam quis adipisci quia voluptatem. Quam incidunt aut autem animi laboriosam numquam facilis harum.','1986-07-03 10:17:31','2005-11-05 02:22:31'),(72,72,72,'Corrupti cumque consectetur vero asperiores enim consequatur. Non expedita quis atque. At totam necessitatibus vel rerum doloremque tenetur. Laudantium ut minima voluptas dolor laudantium corporis repellendus nihil.','1972-07-21 02:25:42','2008-06-01 23:15:03'),(73,73,73,'Facilis mollitia totam ullam quidem magni sed. Et id id commodi et voluptas. Nemo voluptatum est ea ullam. Quia debitis omnis deleniti.','2004-06-10 09:33:48','2018-12-02 15:03:25'),(74,74,74,'Similique saepe eos et repellat ipsam excepturi pariatur. Fugit qui quaerat ad voluptatem quia non cupiditate. Alias velit in consectetur laborum omnis quo officiis.','1973-06-19 07:46:12','1990-06-25 13:50:23'),(75,75,75,'Exercitationem quibusdam necessitatibus autem asperiores et. Natus numquam quos omnis molestiae dolorem ut. Possimus blanditiis atque et totam.','1976-04-13 11:54:29','2000-09-27 14:28:15'),(76,76,76,'Beatae aut eum consectetur non. Natus voluptatem repudiandae qui nisi iusto rerum. Ut perferendis soluta debitis. Magni saepe voluptate quod aut.','1976-07-23 10:50:32','2014-04-28 16:55:41'),(77,77,77,'Quis dolores non eos dicta perferendis est. Ut ipsam et non eius consectetur. Vero voluptate laudantium et illum amet.','2005-02-07 22:22:49','1983-07-25 22:53:00'),(78,78,78,'Voluptatem architecto repellendus accusamus. Rerum quasi libero officia soluta qui minima veritatis. Exercitationem a tenetur tempore repudiandae.','1995-09-16 11:09:17','1998-05-29 02:56:45'),(79,79,79,'Ipsam ab repudiandae ducimus earum et repellat exercitationem. Itaque ea minima odio explicabo voluptatum. Unde fuga aliquid ipsum.','2018-02-06 14:32:27','1981-03-01 10:33:40'),(80,80,80,'Incidunt error et iste sed illum id mollitia. Beatae nihil neque minima voluptatem fugiat similique qui. Amet recusandae quas libero odit impedit sit ratione.','2012-11-10 17:22:12','1997-05-30 16:29:15'),(81,81,81,'Hic ut ea illum illum qui labore veritatis nemo. Delectus aut eveniet dolores. Qui accusamus veritatis non voluptatem non eos. Voluptatem impedit voluptate necessitatibus. Optio provident qui ut mollitia quis culpa ea.','2001-11-21 01:52:01','2009-01-20 04:14:01'),(82,82,82,'Consectetur unde cum ratione omnis dicta. Ad ad assumenda error voluptas. Nihil tenetur consectetur optio excepturi dicta vel. Aperiam dolor eaque soluta unde aliquid id quos.','2007-10-30 17:47:53','1994-11-03 02:31:58'),(83,83,83,'Enim rerum aliquam pariatur ex et aperiam. Eos officia aperiam eius. Asperiores voluptas aspernatur ab sed. Fuga neque beatae quis ut fugiat numquam possimus excepturi.','1980-12-12 14:25:45','2016-01-11 22:00:43'),(84,84,84,'Nesciunt aut ea rem dolores sint est quaerat. Sed labore est deserunt porro quia sed.','1995-09-12 22:42:11','2008-03-15 03:19:35'),(85,85,85,'Odit perspiciatis corrupti voluptas et odit earum odit modi. Fuga assumenda dolores fugiat porro quaerat ut sapiente. Quia enim totam et recusandae repellat.','2015-07-23 06:28:13','1988-08-12 00:40:29'),(86,86,86,'Deleniti praesentium dolor quidem fuga dolor rerum dicta veritatis. Qui velit ipsum quod beatae saepe voluptas. Quae molestiae aperiam quibusdam porro fugit.','1971-04-02 19:40:01','1996-01-30 07:03:03'),(87,87,87,'Et quasi aut eum quidem eius voluptates dolore. Est autem culpa in libero. Eum occaecati nobis distinctio. Hic natus quo recusandae at veniam autem culpa.','1983-09-05 09:13:16','1997-09-01 00:24:04'),(88,88,88,'At ratione dicta illo sint officiis repellat inventore aliquid. Et voluptates magnam iusto aspernatur et. Eligendi laborum velit fugit provident.','2018-09-30 20:41:44','1997-10-10 08:03:18'),(89,89,89,'Illo sint in magnam illo. Eos ab distinctio consectetur esse doloribus. Eos dolores officiis consequatur quis reprehenderit illum. Ut eos voluptas laborum ipsum vel modi ad minus.','1978-08-01 02:43:01','2009-08-23 20:43:22'),(90,90,90,'Non et enim non autem consectetur provident totam. Id qui in amet dolorem. Fugiat reiciendis voluptates provident quia rerum illum. Dolor ea quod rerum ut temporibus.','2003-05-07 08:40:00','1972-03-29 17:29:58'),(91,91,91,'Voluptatem enim debitis non sequi quis occaecati accusantium. Deserunt quod voluptates libero delectus aspernatur explicabo facere. Atque unde rerum quis blanditiis id voluptatem blanditiis. Minima qui nihil molestiae exercitationem quod et.','2015-05-02 18:48:52','1983-10-05 18:56:23'),(92,92,92,'Est delectus velit fuga natus molestias et. Est aliquid accusamus blanditiis. Excepturi vel aliquam doloremque incidunt atque. Eveniet nihil quidem quis aspernatur vitae.','2019-09-21 21:59:48','1976-10-07 04:33:02'),(93,93,93,'Iusto animi magnam consequatur saepe qui et voluptatem. Qui reprehenderit reiciendis illo molestiae modi amet repellat ut. Omnis consectetur excepturi qui quis sit quis aliquam. Et numquam distinctio aliquid voluptatem vitae.','2005-01-03 13:52:51','2001-07-24 10:07:06'),(94,94,94,'Dolorem dolorum vero eligendi dignissimos. Autem quod ex et incidunt. Voluptatibus sint ab autem quod unde sed est.','1996-08-15 06:23:00','2005-04-27 11:36:17'),(95,95,95,'Est nihil quia blanditiis reprehenderit optio inventore. Qui dolores quia vero ratione cumque dolores. Molestiae rerum alias voluptatum velit doloremque ad et. Autem et aut qui nesciunt eligendi eaque.','2007-11-10 12:09:26','2005-01-22 05:06:08'),(96,96,96,'Earum enim qui rerum commodi itaque. Ducimus autem tempore facere corrupti et et. Autem nihil rerum asperiores adipisci. In deleniti provident consequatur iste veniam laboriosam. Iure eaque molestias ab et porro repellat minus.','1970-02-28 17:43:49','1980-05-21 18:28:31'),(97,97,97,'Totam ipsum est veniam incidunt sit. Veritatis dolores non voluptatibus recusandae repellat. Accusamus quis dolorum omnis itaque ut animi dignissimos.','2005-05-12 02:33:14','1980-02-25 04:53:26'),(98,98,98,'Dolorem quasi ut assumenda qui. Numquam omnis reprehenderit ipsa suscipit tenetur qui numquam. Totam ratione ut ipsa quod officia.','1982-07-08 01:26:23','1994-12-18 08:52:12'),(99,99,99,'Laborum occaecati aut est nobis. Aut ut neque et provident quia.','1986-02-28 07:56:52','2020-01-24 22:25:44'),(100,100,100,'Molestias rerum ut sed qui. Nemo consequatur rerum molestiae dolor quo. Voluptatem et numquam culpa laudantium aut ipsa.','1984-01-15 11:24:45','1998-10-30 11:14:53');
/*!40000 ALTER TABLE `comments` ENABLE KEYS */;
UNLOCK TABLES;

--
-- Table structure for table `communities`
--

DROP TABLE IF EXISTS `communities`;
/*!40101 SET @saved_cs_client     = @@character_set_client */;
/*!50503 SET character_set_client = utf8mb4 */;
CREATE TABLE `communities` (
  `id` bigint unsigned NOT NULL AUTO_INCREMENT,
  `name` varchar(255) CHARACTER SET utf8 COLLATE utf8_unicode_ci DEFAULT NULL,
  PRIMARY KEY (`id`),
  KEY `name` (`name`)
) ENGINE=InnoDB AUTO_INCREMENT=101 DEFAULT CHARSET=utf8 COLLATE=utf8_unicode_ci;
/*!40101 SET character_set_client = @saved_cs_client */;

--
-- Dumping data for table `communities`
--

LOCK TABLES `communities` WRITE;
/*!40000 ALTER TABLE `communities` DISABLE KEYS */;
INSERT INTO `communities` VALUES (61,'alias'),(99,'aliquam'),(60,'amet'),(70,'amet'),(90,'asperiores'),(46,'assumenda'),(97,'at'),(9,'aut'),(12,'aut'),(77,'aut'),(39,'consectetur'),(51,'consectetur'),(41,'consequatur'),(68,'consequuntur'),(52,'cum'),(45,'cumque'),(66,'cupiditate'),(76,'debitis'),(13,'deleniti'),(59,'dignissimos'),(23,'dolorem'),(50,'dolorem'),(21,'dolores'),(37,'dolores'),(72,'dolores'),(75,'doloribus'),(38,'ea'),(42,'eius'),(65,'error'),(86,'error'),(6,'est'),(20,'est'),(44,'est'),(48,'et'),(56,'et'),(58,'et'),(78,'et'),(87,'et'),(71,'ex'),(25,'excepturi'),(81,'fugiat'),(62,'fugit'),(36,'impedit'),(24,'itaque'),(26,'itaque'),(22,'laboriosam'),(73,'laudantium'),(5,'magnam'),(55,'minima'),(32,'minus'),(27,'modi'),(54,'modi'),(85,'molestiae'),(40,'molestias'),(47,'molestias'),(79,'mollitia'),(64,'nam'),(82,'necessitatibus'),(34,'nemo'),(88,'nemo'),(29,'nesciunt'),(91,'nesciunt'),(2,'non'),(69,'non'),(100,'non'),(18,'nulla'),(28,'nulla'),(84,'omnis'),(31,'optio'),(3,'placeat'),(57,'placeat'),(83,'porro'),(43,'possimus'),(19,'praesentium'),(33,'provident'),(17,'quae'),(94,'quam'),(80,'quas'),(1,'qui'),(10,'qui'),(30,'qui'),(35,'qui'),(49,'quia'),(96,'quia'),(98,'quis'),(53,'quo'),(67,'quo'),(95,'repellendus'),(89,'sed'),(8,'similique'),(11,'sunt'),(7,'tenetur'),(14,'unde'),(92,'ut'),(93,'ut'),(15,'vel'),(63,'veniam'),(16,'voluptas'),(74,'voluptas'),(4,'voluptatem');
/*!40000 ALTER TABLE `communities` ENABLE KEYS */;
UNLOCK TABLES;

--
-- Table structure for table `dislikes_photo`
--

DROP TABLE IF EXISTS `dislikes_photo`;
/*!40101 SET @saved_cs_client     = @@character_set_client */;
/*!50503 SET character_set_client = utf8mb4 */;
CREATE TABLE `dislikes_photo` (
  `id` bigint unsigned NOT NULL AUTO_INCREMENT,
  `photo_id` bigint unsigned NOT NULL,
  `user_id` bigint unsigned NOT NULL,
  PRIMARY KEY (`id`),
  KEY `user_id` (`user_id`),
  KEY `photo_id` (`photo_id`),
  CONSTRAINT `dislikes_photo_ibfk_1` FOREIGN KEY (`user_id`) REFERENCES `users` (`id`),
  CONSTRAINT `dislikes_photo_ibfk_2` FOREIGN KEY (`photo_id`) REFERENCES `photo` (`id`)
) ENGINE=InnoDB AUTO_INCREMENT=101 DEFAULT CHARSET=utf8 COLLATE=utf8_unicode_ci;
/*!40101 SET character_set_client = @saved_cs_client */;

--
-- Dumping data for table `dislikes_photo`
--

LOCK TABLES `dislikes_photo` WRITE;
/*!40000 ALTER TABLE `dislikes_photo` DISABLE KEYS */;
INSERT INTO `dislikes_photo` VALUES (1,1,1),(2,2,2),(3,3,3),(4,4,4),(5,5,5),(6,6,6),(7,7,7),(8,8,8),(9,9,9),(10,10,10),(11,11,11),(12,12,12),(13,13,13),(14,14,14),(15,15,15),(16,16,16),(17,17,17),(18,18,18),(19,19,19),(20,20,20),(21,21,21),(22,22,22),(23,23,23),(24,24,24),(25,25,25),(26,26,26),(27,27,27),(28,28,28),(29,29,29),(30,30,30),(31,31,31),(32,32,32),(33,33,33),(34,34,34),(35,35,35),(36,36,36),(37,37,37),(38,38,38),(39,39,39),(40,40,40),(41,41,41),(42,42,42),(43,43,43),(44,44,44),(45,45,45),(46,46,46),(47,47,47),(48,48,48),(49,49,49),(50,50,50),(51,51,51),(52,52,52),(53,53,53),(54,54,54),(55,55,55),(56,56,56),(57,57,57),(58,58,58),(59,59,59),(60,60,60),(61,61,61),(62,62,62),(63,63,63),(64,64,64),(65,65,65),(66,66,66),(67,67,67),(68,68,68),(69,69,69),(70,70,70),(71,71,71),(72,72,72),(73,73,73),(74,74,74),(75,75,75),(76,76,76),(77,77,77),(78,78,78),(79,79,79),(80,80,80),(81,81,81),(82,82,82),(83,83,83),(84,84,84),(85,85,85),(86,86,86),(87,87,87),(88,88,88),(89,89,89),(90,90,90),(91,91,91),(92,92,92),(93,93,93),(94,94,94),(95,95,95),(96,96,96),(97,97,97),(98,98,98),(99,99,99),(100,100,100);
/*!40000 ALTER TABLE `dislikes_photo` ENABLE KEYS */;
UNLOCK TABLES;

--
-- Table structure for table `dislikes_post`
--

DROP TABLE IF EXISTS `dislikes_post`;
/*!40101 SET @saved_cs_client     = @@character_set_client */;
/*!50503 SET character_set_client = utf8mb4 */;
CREATE TABLE `dislikes_post` (
  `id` bigint unsigned NOT NULL AUTO_INCREMENT,
  `post_id` bigint unsigned NOT NULL,
  `user_id` bigint unsigned NOT NULL,
  PRIMARY KEY (`id`),
  KEY `user_id` (`user_id`),
  KEY `post_id` (`post_id`),
  CONSTRAINT `dislikes_post_ibfk_1` FOREIGN KEY (`user_id`) REFERENCES `users` (`id`),
  CONSTRAINT `dislikes_post_ibfk_2` FOREIGN KEY (`post_id`) REFERENCES `posts` (`id`)
) ENGINE=InnoDB AUTO_INCREMENT=101 DEFAULT CHARSET=utf8 COLLATE=utf8_unicode_ci;
/*!40101 SET character_set_client = @saved_cs_client */;

--
-- Dumping data for table `dislikes_post`
--

LOCK TABLES `dislikes_post` WRITE;
/*!40000 ALTER TABLE `dislikes_post` DISABLE KEYS */;
INSERT INTO `dislikes_post` VALUES (1,1,1),(2,2,2),(3,3,3),(4,4,4),(5,5,5),(6,6,6),(7,7,7),(8,8,8),(9,9,9),(10,10,10),(11,11,11),(12,12,12),(13,13,13),(14,14,14),(15,15,15),(16,16,16),(17,17,17),(18,18,18),(19,19,19),(20,20,20),(21,21,21),(22,22,22),(23,23,23),(24,24,24),(25,25,25),(26,26,26),(27,27,27),(28,28,28),(29,29,29),(30,30,30),(31,31,31),(32,32,32),(33,33,33),(34,34,34),(35,35,35),(36,36,36),(37,37,37),(38,38,38),(39,39,39),(40,40,40),(41,41,41),(42,42,42),(43,43,43),(44,44,44),(45,45,45),(46,46,46),(47,47,47),(48,48,48),(49,49,49),(50,50,50),(51,51,51),(52,52,52),(53,53,53),(54,54,54),(55,55,55),(56,56,56),(57,57,57),(58,58,58),(59,59,59),(60,60,60),(61,61,61),(62,62,62),(63,63,63),(64,64,64),(65,65,65),(66,66,66),(67,67,67),(68,68,68),(69,69,69),(70,70,70),(71,71,71),(72,72,72),(73,73,73),(74,74,74),(75,75,75),(76,76,76),(77,77,77),(78,78,78),(79,79,79),(80,80,80),(81,81,81),(82,82,82),(83,83,83),(84,84,84),(85,85,85),(86,86,86),(87,87,87),(88,88,88),(89,89,89),(90,90,90),(91,91,91),(92,92,92),(93,93,93),(94,94,94),(95,95,95),(96,96,96),(97,97,97),(98,98,98),(99,99,99),(100,100,100);
/*!40000 ALTER TABLE `dislikes_post` ENABLE KEYS */;
UNLOCK TABLES;

--
-- Table structure for table `friend_requests`
--

DROP TABLE IF EXISTS `friend_requests`;
/*!40101 SET @saved_cs_client     = @@character_set_client */;
/*!50503 SET character_set_client = utf8mb4 */;
CREATE TABLE `friend_requests` (
  `initiator_user_id` bigint unsigned NOT NULL,
  `target_user_id` bigint unsigned NOT NULL,
  `status` enum('requested','approved','unfriended','declined') CHARACTER SET utf8 COLLATE utf8_unicode_ci DEFAULT 'requested',
  `requested_at` datetime DEFAULT CURRENT_TIMESTAMP,
  `confirmed_at` datetime DEFAULT NULL,
  PRIMARY KEY (`initiator_user_id`,`target_user_id`),
  KEY `initiator_user_id` (`initiator_user_id`),
  KEY `target_user_id` (`target_user_id`),
  CONSTRAINT `friend_requests_ibfk_1` FOREIGN KEY (`initiator_user_id`) REFERENCES `users` (`id`),
  CONSTRAINT `friend_requests_ibfk_2` FOREIGN KEY (`target_user_id`) REFERENCES `users` (`id`)
) ENGINE=InnoDB DEFAULT CHARSET=utf8 COLLATE=utf8_unicode_ci;
/*!40101 SET character_set_client = @saved_cs_client */;

--
-- Dumping data for table `friend_requests`
--

LOCK TABLES `friend_requests` WRITE;
/*!40000 ALTER TABLE `friend_requests` DISABLE KEYS */;
INSERT INTO `friend_requests` VALUES (1,1,'declined','2000-02-04 09:17:04','2008-12-05 09:53:48'),(2,2,'approved','1998-09-26 16:43:46','1997-02-19 04:36:29'),(3,3,'declined','1987-10-06 04:24:15','1973-10-25 14:37:51'),(4,4,'requested','1974-03-25 14:16:09','1979-05-10 07:22:25'),(5,5,'approved','2018-10-11 06:03:15','2004-02-08 21:14:13'),(6,6,'requested','1971-01-26 04:41:44','2018-06-07 04:21:24'),(7,7,'unfriended','2003-05-11 17:28:45','1975-11-23 04:43:50'),(8,8,'declined','1998-04-24 12:20:54','1995-01-25 04:15:02'),(9,9,'requested','1978-10-11 04:14:35','1972-01-10 13:56:27'),(10,10,'declined','2017-08-20 10:54:01','1989-10-29 01:57:19'),(11,11,'requested','1986-08-02 14:45:42','1974-04-22 03:59:35'),(12,12,'approved','2017-03-17 18:40:53','1982-09-07 23:46:31'),(13,13,'approved','1972-08-16 11:46:46','2001-02-06 20:11:06'),(14,14,'declined','1986-09-28 02:03:05','1973-09-21 07:18:10'),(15,15,'approved','1999-10-19 15:14:10','1970-09-04 01:20:56'),(16,16,'requested','1987-10-30 19:46:44','1994-05-08 16:59:06'),(17,17,'declined','1976-11-01 17:58:12','1974-10-14 13:36:06'),(18,18,'unfriended','1977-01-25 16:48:08','2017-06-15 11:27:04'),(19,19,'requested','2020-01-12 08:41:09','1980-10-30 00:26:34'),(20,20,'approved','2020-06-26 07:10:59','1979-04-19 17:29:20'),(21,21,'declined','2015-10-16 15:18:41','1979-06-10 19:36:32'),(22,22,'requested','2018-07-09 04:12:26','1995-08-08 02:51:03'),(23,23,'unfriended','2012-08-15 16:27:13','1974-07-16 00:08:06'),(24,24,'unfriended','2018-06-21 12:47:46','1970-12-15 14:00:26'),(25,25,'requested','2019-09-12 12:15:44','1981-11-05 03:58:42'),(26,26,'declined','2006-08-31 18:18:19','1986-06-19 01:41:42'),(27,27,'declined','1993-04-30 18:08:52','1994-06-01 09:01:27'),(28,28,'declined','2007-11-18 13:35:51','1984-02-10 15:41:26'),(29,29,'requested','2007-09-30 03:25:23','1995-11-10 17:09:43'),(30,30,'requested','2010-06-11 05:56:04','2007-11-06 19:30:23'),(31,31,'declined','2005-10-03 05:36:15','1987-02-24 02:57:30'),(32,32,'declined','1988-07-06 05:31:34','2016-08-11 01:03:19'),(33,33,'declined','2014-05-13 06:23:56','1973-10-11 21:02:24'),(34,34,'unfriended','2014-10-09 16:20:40','2003-07-11 18:24:34'),(35,35,'declined','1975-01-21 07:23:59','2014-03-15 08:15:05'),(36,36,'declined','1997-02-06 22:48:44','1994-02-14 06:40:47'),(37,37,'approved','1996-05-14 01:57:32','1995-11-26 07:59:05'),(38,38,'requested','2017-01-10 03:24:02','1982-08-07 06:23:04'),(39,39,'declined','1995-05-19 19:17:17','1993-09-11 18:06:41'),(40,40,'declined','2007-01-22 06:46:05','1999-01-22 00:07:54'),(41,41,'requested','1973-08-06 21:51:38','1998-11-19 11:10:46'),(42,42,'requested','1980-05-16 06:39:18','2007-05-23 07:58:44'),(43,43,'unfriended','2001-07-10 04:44:16','1975-05-01 02:49:26'),(44,44,'declined','2012-03-06 04:10:17','1975-09-27 11:24:40'),(45,45,'unfriended','1975-02-09 10:07:31','1970-04-07 22:30:46'),(46,46,'unfriended','1985-04-29 06:40:08','1975-01-07 03:32:12'),(47,47,'unfriended','1989-04-22 15:55:07','1997-03-09 19:29:28'),(48,48,'declined','1997-11-05 23:47:51','2016-09-20 02:58:22'),(49,49,'unfriended','2012-04-09 21:55:24','1980-04-21 18:19:17'),(50,50,'approved','1978-10-26 12:06:00','1985-05-11 18:25:22'),(51,51,'declined','1996-03-01 10:35:52','2010-08-03 14:10:30'),(52,52,'declined','2004-12-05 23:57:19','1979-07-29 08:06:37'),(53,53,'unfriended','2017-05-18 06:32:04','2004-12-12 16:56:29'),(54,54,'approved','1979-11-28 17:26:35','2019-01-16 13:27:32'),(55,55,'approved','1971-07-22 00:58:27','1997-08-21 16:04:09'),(56,56,'approved','2020-04-18 21:30:13','2014-01-31 22:15:01'),(57,57,'approved','1985-04-28 06:42:08','1996-02-05 00:30:56'),(58,58,'declined','2007-03-12 15:59:23','2018-10-11 19:24:11'),(59,59,'approved','1979-07-16 12:51:32','2020-03-18 11:28:19'),(60,60,'declined','2007-03-09 08:38:59','2000-11-14 03:51:34'),(61,61,'approved','2010-02-14 12:41:36','2002-04-29 00:41:09'),(62,62,'unfriended','2010-06-03 03:29:41','2012-11-23 10:50:40'),(63,63,'declined','1977-11-21 03:09:30','1981-07-30 02:18:10'),(64,64,'unfriended','2020-02-10 10:33:26','1983-07-24 12:24:25'),(65,65,'declined','1995-06-06 22:15:15','1975-05-02 18:04:44'),(66,66,'approved','1986-06-12 08:34:29','2017-08-16 09:32:33'),(67,67,'declined','2010-06-10 20:59:26','1974-12-02 22:54:29'),(68,68,'approved','1999-01-13 04:05:31','1971-09-30 08:18:59'),(69,69,'approved','2011-09-07 02:48:06','1981-08-08 09:37:39'),(70,70,'requested','1976-06-08 11:45:15','1990-08-30 10:21:03'),(71,71,'declined','1981-08-22 11:49:26','2007-11-10 10:29:29'),(72,72,'unfriended','2017-04-10 06:29:17','1983-05-27 06:25:27'),(73,73,'approved','1994-09-18 10:18:36','1970-05-27 21:12:19'),(74,74,'declined','1983-11-29 23:23:52','2012-11-27 07:42:55'),(75,75,'approved','1989-06-29 00:15:27','2001-12-27 05:26:05'),(76,76,'unfriended','1985-02-11 11:45:20','1986-03-11 00:11:54'),(77,77,'declined','2003-01-24 06:46:42','1979-02-23 13:08:58'),(78,78,'approved','2017-02-01 12:26:23','1989-11-01 11:41:28'),(79,79,'requested','1980-03-21 18:35:43','1990-10-23 03:39:09'),(80,80,'declined','2001-10-28 08:11:40','1992-10-17 23:23:02'),(81,81,'unfriended','1997-07-29 11:06:46','1994-02-09 15:02:46'),(82,82,'declined','1981-06-22 02:43:38','1971-04-25 14:51:18'),(83,83,'unfriended','1996-12-08 08:35:36','1981-09-29 05:54:18'),(84,84,'requested','1975-03-15 02:36:11','2004-01-07 14:34:09'),(85,85,'approved','1993-12-13 00:25:19','1976-12-20 12:45:44'),(86,86,'declined','2009-12-01 15:21:08','1985-12-25 05:22:02'),(87,87,'requested','1986-09-17 20:02:24','1976-02-12 22:18:24'),(88,88,'approved','2001-02-25 18:19:06','1994-09-15 03:39:54'),(89,89,'requested','2010-10-11 01:14:21','1995-08-07 20:10:04'),(90,90,'approved','1984-03-16 13:10:47','1984-05-06 12:14:36'),(91,91,'approved','2016-03-16 06:49:38','1985-09-11 11:34:51'),(92,92,'requested','1990-08-01 10:08:07','1984-12-18 15:59:26'),(93,93,'approved','2010-03-02 07:08:53','1989-06-03 03:53:24'),(94,94,'unfriended','2011-12-09 11:43:03','1978-08-03 23:20:32'),(95,95,'unfriended','1993-10-23 10:47:58','2012-11-05 11:19:01'),(96,96,'requested','1997-05-31 12:01:24','1978-02-26 12:31:47'),(97,97,'unfriended','1988-07-01 18:12:22','1993-10-08 20:11:10'),(98,98,'requested','2018-12-24 18:09:28','1989-01-21 03:16:27'),(99,99,'declined','2019-07-25 06:03:03','1985-10-31 23:36:08'),(100,100,'requested','2005-04-05 08:25:39','2004-10-17 22:53:34');
/*!40000 ALTER TABLE `friend_requests` ENABLE KEYS */;
UNLOCK TABLES;

--
-- Table structure for table `likes_photo`
--

DROP TABLE IF EXISTS `likes_photo`;
/*!40101 SET @saved_cs_client     = @@character_set_client */;
/*!50503 SET character_set_client = utf8mb4 */;
CREATE TABLE `likes_photo` (
  `id` bigint unsigned NOT NULL AUTO_INCREMENT,
  `photo_id` bigint unsigned NOT NULL,
  `user_id` bigint unsigned NOT NULL,
  PRIMARY KEY (`id`),
  KEY `user_id` (`user_id`),
  KEY `photo_id` (`photo_id`),
  CONSTRAINT `likes_photo_ibfk_1` FOREIGN KEY (`user_id`) REFERENCES `users` (`id`),
  CONSTRAINT `likes_photo_ibfk_2` FOREIGN KEY (`photo_id`) REFERENCES `photo` (`id`)
) ENGINE=InnoDB AUTO_INCREMENT=101 DEFAULT CHARSET=utf8 COLLATE=utf8_unicode_ci;
/*!40101 SET character_set_client = @saved_cs_client */;

--
-- Dumping data for table `likes_photo`
--

LOCK TABLES `likes_photo` WRITE;
/*!40000 ALTER TABLE `likes_photo` DISABLE KEYS */;
INSERT INTO `likes_photo` VALUES (1,1,1),(2,2,2),(3,3,3),(4,4,4),(5,5,5),(6,6,6),(7,7,7),(8,8,8),(9,9,9),(10,10,10),(11,11,11),(12,12,12),(13,13,13),(14,14,14),(15,15,15),(16,16,16),(17,17,17),(18,18,18),(19,19,19),(20,20,20),(21,21,21),(22,22,22),(23,23,23),(24,24,24),(25,25,25),(26,26,26),(27,27,27),(28,28,28),(29,29,29),(30,30,30),(31,31,31),(32,32,32),(33,33,33),(34,34,34),(35,35,35),(36,36,36),(37,37,37),(38,38,38),(39,39,39),(40,40,40),(41,41,41),(42,42,42),(43,43,43),(44,44,44),(45,45,45),(46,46,46),(47,47,47),(48,48,48),(49,49,49),(50,50,50),(51,51,51),(52,52,52),(53,53,53),(54,54,54),(55,55,55),(56,56,56),(57,57,57),(58,58,58),(59,59,59),(60,60,60),(61,61,61),(62,62,62),(63,63,63),(64,64,64),(65,65,65),(66,66,66),(67,67,67),(68,68,68),(69,69,69),(70,70,70),(71,71,71),(72,72,72),(73,73,73),(74,74,74),(75,75,75),(76,76,76),(77,77,77),(78,78,78),(79,79,79),(80,80,80),(81,81,81),(82,82,82),(83,83,83),(84,84,84),(85,85,85),(86,86,86),(87,87,87),(88,88,88),(89,89,89),(90,90,90),(91,91,91),(92,92,92),(93,93,93),(94,94,94),(95,95,95),(96,96,96),(97,97,97),(98,98,98),(99,99,99),(100,100,100);
/*!40000 ALTER TABLE `likes_photo` ENABLE KEYS */;
UNLOCK TABLES;

--
-- Table structure for table `likes_post`
--

DROP TABLE IF EXISTS `likes_post`;
/*!40101 SET @saved_cs_client     = @@character_set_client */;
/*!50503 SET character_set_client = utf8mb4 */;
CREATE TABLE `likes_post` (
  `id` bigint unsigned NOT NULL AUTO_INCREMENT,
  `post_id` bigint unsigned NOT NULL,
  `user_id` bigint unsigned NOT NULL,
  PRIMARY KEY (`id`),
  KEY `user_id` (`user_id`),
  KEY `post_id` (`post_id`),
  CONSTRAINT `likes_post_ibfk_1` FOREIGN KEY (`user_id`) REFERENCES `users` (`id`),
  CONSTRAINT `likes_post_ibfk_2` FOREIGN KEY (`post_id`) REFERENCES `posts` (`id`)
) ENGINE=InnoDB AUTO_INCREMENT=101 DEFAULT CHARSET=utf8 COLLATE=utf8_unicode_ci;
/*!40101 SET character_set_client = @saved_cs_client */;

--
-- Dumping data for table `likes_post`
--

LOCK TABLES `likes_post` WRITE;
/*!40000 ALTER TABLE `likes_post` DISABLE KEYS */;
INSERT INTO `likes_post` VALUES (1,1,1),(2,2,2),(3,3,3),(4,4,4),(5,5,5),(6,6,6),(7,7,7),(8,8,8),(9,9,9),(10,10,10),(11,11,11),(12,12,12),(13,13,13),(14,14,14),(15,15,15),(16,16,16),(17,17,17),(18,18,18),(19,19,19),(20,20,20),(21,21,21),(22,22,22),(23,23,23),(24,24,24),(25,25,25),(26,26,26),(27,27,27),(28,28,28),(29,29,29),(30,30,30),(31,31,31),(32,32,32),(33,33,33),(34,34,34),(35,35,35),(36,36,36),(37,37,37),(38,38,38),(39,39,39),(40,40,40),(41,41,41),(42,42,42),(43,43,43),(44,44,44),(45,45,45),(46,46,46),(47,47,47),(48,48,48),(49,49,49),(50,50,50),(51,51,51),(52,52,52),(53,53,53),(54,54,54),(55,55,55),(56,56,56),(57,57,57),(58,58,58),(59,59,59),(60,60,60),(61,61,61),(62,62,62),(63,63,63),(64,64,64),(65,65,65),(66,66,66),(67,67,67),(68,68,68),(69,69,69),(70,70,70),(71,71,71),(72,72,72),(73,73,73),(74,74,74),(75,75,75),(76,76,76),(77,77,77),(78,78,78),(79,79,79),(80,80,80),(81,81,81),(82,82,82),(83,83,83),(84,84,84),(85,85,85),(86,86,86),(87,87,87),(88,88,88),(89,89,89),(90,90,90),(91,91,91),(92,92,92),(93,93,93),(94,94,94),(95,95,95),(96,96,96),(97,97,97),(98,98,98),(99,99,99),(100,100,100);
/*!40000 ALTER TABLE `likes_post` ENABLE KEYS */;
UNLOCK TABLES;

--
-- Table structure for table `messages`
--

DROP TABLE IF EXISTS `messages`;
/*!40101 SET @saved_cs_client     = @@character_set_client */;
/*!50503 SET character_set_client = utf8mb4 */;
CREATE TABLE `messages` (
  `id` bigint unsigned NOT NULL AUTO_INCREMENT,
  `from_user_id` bigint unsigned NOT NULL,
  `to_user_id` bigint unsigned NOT NULL,
  `body` text CHARACTER SET utf8 COLLATE utf8_unicode_ci,
  `is_read` tinyint(1) DEFAULT NULL,
  `created_at` datetime DEFAULT CURRENT_TIMESTAMP,
  PRIMARY KEY (`id`),
  KEY `from_user_id` (`from_user_id`),
  KEY `to_user_id` (`to_user_id`),
  CONSTRAINT `messages_ibfk_1` FOREIGN KEY (`from_user_id`) REFERENCES `users` (`id`),
  CONSTRAINT `messages_ibfk_2` FOREIGN KEY (`to_user_id`) REFERENCES `users` (`id`)
) ENGINE=InnoDB AUTO_INCREMENT=1301 DEFAULT CHARSET=utf8 COLLATE=utf8_unicode_ci;
/*!40101 SET character_set_client = @saved_cs_client */;

--
-- Dumping data for table `messages`
--

LOCK TABLES `messages` WRITE;
/*!40000 ALTER TABLE `messages` DISABLE KEYS */;
INSERT INTO `messages` VALUES (1201,1,1,'In repellendus vitae ex ea omnis. Quisquam eaque quo veritatis pariatur et quia id. Beatae laboriosam soluta animi incidunt deserunt.',1,'2017-10-10 09:49:49'),(1202,2,2,'Quae eum sed aut fugiat voluptatum ut veniam. Autem inventore rem voluptatem non et.',0,'2001-02-06 12:12:37'),(1203,3,3,'Et consequuntur eum quo velit qui et et. Sed saepe velit qui possimus autem error. Officia commodi maxime autem omnis sit voluptatum et nobis.',0,'1981-12-30 09:12:07'),(1204,4,4,'Vitae consequatur cumque minus asperiores numquam aut amet. Omnis doloremque quibusdam fugit dolores minima.',1,'1987-04-15 01:17:53'),(1205,5,5,'Sed enim qui corporis et minima provident. Ex ad esse earum. Est voluptatem doloribus repellat voluptas temporibus sed suscipit aut. Consequuntur eos eveniet aspernatur officia.',1,'1987-04-14 11:07:46'),(1206,6,6,'Consectetur modi asperiores autem impedit. Quos aspernatur nobis rerum voluptas. Sapiente tempora vero voluptatem neque sequi. Vero id animi aliquid eaque quibusdam quis et.',0,'1983-08-18 05:13:10'),(1207,7,7,'Veritatis molestias voluptatum aut ipsum fuga. Harum illo nesciunt tempora nulla. Saepe aliquam assumenda perferendis et.',0,'1980-08-18 05:42:10'),(1208,8,8,'Illum eum culpa quasi iusto qui. Eius sint a facere atque quos et eligendi. Suscipit molestias quia qui.',1,'1983-06-19 22:41:22'),(1209,9,9,'Ex reprehenderit quidem quia quibusdam temporibus voluptatum. Quibusdam necessitatibus dolorem eaque veniam minus vel et. Sequi qui nisi quo omnis earum.',1,'1979-05-01 19:39:47'),(1210,10,10,'Error nihil dolores id odit sed beatae. Voluptate aut ipsum sit qui earum quisquam. Itaque qui voluptas occaecati et voluptas dicta.',0,'1973-07-29 06:32:42'),(1211,11,11,'Voluptatem est inventore quibusdam accusamus enim. Veritatis saepe assumenda et perspiciatis possimus assumenda sunt esse. Nihil quibusdam et impedit mollitia assumenda voluptatem voluptatibus magni. Consectetur explicabo temporibus repellendus id maxime est amet.',0,'1987-07-30 01:13:31'),(1212,12,12,'Dolore corrupti necessitatibus ut recusandae. Est ipsam repellendus amet possimus consequuntur velit iure. Quia vel perspiciatis ut velit rem molestias. Quas reprehenderit aut adipisci deserunt a. Voluptas dolores est officiis assumenda commodi consequuntur et.',0,'1975-07-16 08:22:15'),(1213,13,13,'Corporis est quia ad culpa. Esse et quis vel saepe numquam cum mollitia. Debitis ipsa delectus dolorem et quasi id et. Aut ea odio est ut aut.',0,'2019-07-03 13:23:56'),(1214,14,14,'Vel quia occaecati voluptas quia cumque. Doloremque in ullam omnis. Aut error ullam illo a et eius soluta. Qui ipsam atque et asperiores.',1,'1975-10-18 09:45:10'),(1215,15,15,'Quae dicta commodi accusantium. Labore voluptatem aut amet quia distinctio aut omnis. Consequatur error alias incidunt quidem similique. Numquam at omnis in ut aliquid ut aut. Eveniet ad consequatur ut corrupti qui adipisci.',1,'1980-12-24 16:52:58'),(1216,16,16,'Dolores provident dicta nisi rerum. A repellat mollitia nisi explicabo magni. Nihil qui ut eos aliquam deserunt. Velit autem voluptatum sint amet sit et dolor.',1,'1987-11-02 13:01:56'),(1217,17,17,'Nesciunt in quis ea necessitatibus qui molestias. Debitis totam in aut.',0,'1996-01-11 20:32:48'),(1218,18,18,'Pariatur quia impedit distinctio quaerat. Voluptatem aut officiis suscipit hic tempore corporis. Quia et ut ipsam reiciendis et ut id. Quod vel et nemo sunt. Dolor beatae laudantium aut fuga.',0,'2018-05-13 04:44:09'),(1219,19,19,'Non non qui molestias id earum blanditiis et. Quis inventore cumque corporis exercitationem molestiae accusantium velit. Aut doloremque illo voluptatum sit numquam qui rerum. Distinctio possimus magni cumque nihil.',1,'1984-03-11 11:09:03'),(1220,20,20,'Aliquam ea placeat consequuntur facere. Sapiente perferendis possimus labore quia ratione ut. Et harum suscipit facere quis ducimus. Beatae perspiciatis nemo omnis dolores eius temporibus.',1,'1976-08-07 10:47:23'),(1221,21,21,'Neque laudantium tempore rerum dolorem in. Quaerat fuga et et provident. Eum magnam quia rerum voluptatem doloremque. Corporis sed omnis est quam id ratione. Tempora qui et omnis vero.',0,'2017-04-23 06:01:36'),(1222,22,22,'Est velit quis est sit perspiciatis delectus voluptatem ipsa. Libero dolore tenetur est totam eos id. Tenetur architecto quaerat quidem ipsa dolor voluptate dolores.',0,'1995-02-03 20:04:43'),(1223,23,23,'Quod est qui corrupti. Voluptas mollitia blanditiis labore dignissimos est consequuntur pariatur. Ut eum facilis explicabo ad nobis. Vel facilis repellendus animi commodi ea ut rerum.',0,'2015-08-09 08:26:06'),(1224,24,24,'Sit est aliquid aut saepe. Veritatis perspiciatis atque et aspernatur est tempore nostrum. Qui dolor nulla necessitatibus quo voluptatem dolorum maxime. Cupiditate excepturi quod ab debitis velit pariatur.',1,'2007-01-25 02:57:43'),(1225,25,25,'Qui culpa laborum impedit suscipit. Eos iste voluptatem ea assumenda libero facere. Maxime vel dolore quae dolore aut assumenda et. Illum rem beatae cumque sint eveniet modi.',0,'1975-09-03 09:43:51'),(1226,26,26,'Molestias aut impedit perspiciatis provident velit at. Sunt nobis laborum praesentium impedit repellendus. Earum similique et et ea et possimus. Sit quia dolore eum voluptate impedit ut laborum.',1,'1974-05-03 05:38:10'),(1227,27,27,'Ipsum inventore assumenda voluptatem nihil. Doloremque voluptatem a exercitationem velit et possimus. Necessitatibus culpa illum dolorem alias. Dolores libero maiores deleniti consequatur in molestiae eius tenetur.',1,'1975-11-27 01:17:21'),(1228,28,28,'Odio autem odit dolores dolores. Sunt rerum sit deserunt quam molestias non maxime.',1,'1999-12-17 23:25:50'),(1229,29,29,'Quam distinctio quod libero in velit ut. Vel consequatur aperiam repellat ab incidunt natus. Eos praesentium modi voluptatem ex minima.',0,'1973-10-14 19:21:05'),(1230,30,30,'Placeat sequi iusto consequatur libero unde. Neque maxime fuga similique assumenda aut omnis quaerat. Tempore modi unde facilis ratione et occaecati ratione. Est ullam enim rem.',0,'1998-08-13 20:17:06'),(1231,31,31,'Quia aperiam eos et voluptatem. Vitae sint dolore molestiae nemo aliquam. Iste aut alias mollitia sit eum hic laudantium. Temporibus sed soluta iusto qui deleniti aliquam numquam unde. Culpa perferendis libero at similique eveniet minus.',1,'2014-06-12 04:02:12'),(1232,32,32,'Beatae reiciendis laudantium et inventore pariatur quia consequatur. Praesentium omnis ut corrupti accusamus est corporis quo. Vero facere nostrum provident alias quam voluptas consequatur quia. Dolore explicabo vero et aliquid accusantium. Ad voluptate enim ipsa voluptas ducimus.',0,'2020-03-10 01:49:27'),(1233,33,33,'Omnis delectus ut unde iusto veritatis. Cum id maiores laborum rem nostrum. Explicabo aperiam alias fugit.',1,'2016-09-22 03:42:28'),(1234,34,34,'Unde excepturi et itaque pariatur corporis ducimus sit. Saepe eum sint qui facere culpa aut. Reprehenderit quas totam omnis sequi amet hic officia.',0,'1987-09-07 13:23:37'),(1235,35,35,'Dolorem hic doloribus veniam qui consequatur quam atque. Sequi magni corrupti facilis in odio nihil. Rem officia quia aut architecto error. Nihil nulla facere est corporis facere totam consequatur.',1,'1977-02-14 15:03:04'),(1236,36,36,'Voluptas id sint sed odio nam ut. Exercitationem accusantium et praesentium fuga minus aliquid fugiat. Labore quis nobis molestiae facere harum. Odit quia et est cumque.',0,'2016-04-10 02:37:50'),(1237,37,37,'Modi enim incidunt expedita sapiente eos velit. Vero exercitationem dolores soluta quos occaecati. Et praesentium est natus molestias doloribus odit sed quo.',1,'1976-10-02 04:31:33'),(1238,38,38,'Tempore et nisi aut est sint. Soluta earum qui ratione dicta eum culpa deleniti sint.',1,'2011-08-22 03:18:10'),(1239,39,39,'Ipsum consequatur quia non culpa dolore inventore. Cum ducimus est harum eius veritatis.',1,'2014-08-07 06:17:47'),(1240,40,40,'Ad vel ex vitae odit vel itaque. Omnis esse qui suscipit repellat est iste dolore. Occaecati dolores voluptatem incidunt qui dolor. Excepturi blanditiis a error quos est.',1,'1995-03-26 05:43:49'),(1241,41,41,'Voluptatibus quo id ipsum. Voluptate quidem repellendus quod praesentium aut perferendis. Officia explicabo velit quisquam asperiores. Eius et possimus quasi dolorem reiciendis dolor laborum.',0,'2017-08-13 07:21:45'),(1242,42,42,'Recusandae nam cum sit et quibusdam. Quia nemo quas doloremque. Itaque porro dolore et qui vel dolor ducimus. Quo voluptatem iste magnam impedit.',0,'1989-04-22 16:09:44'),(1243,43,43,'Quam qui neque et aut. Et aliquid et earum est quo. Eveniet a beatae et aut vel ea aut dolorum.',1,'1972-05-12 06:23:39'),(1244,44,44,'Et aut est pariatur provident ut. Commodi voluptatem eos sint doloribus necessitatibus. Quia ducimus voluptatem labore quam consequatur incidunt. Nam eius consectetur ut illo. Non alias odit dicta nostrum.',0,'1984-01-06 08:52:44'),(1245,45,45,'Pariatur dignissimos ut vel aspernatur et. Laudantium dolores architecto quas distinctio consequatur veniam quia ut.',0,'1980-10-19 12:02:26'),(1246,46,46,'Doloremque repellendus occaecati consequuntur iure. Cumque voluptatem quia laboriosam itaque aut. Similique itaque provident minus voluptas quidem harum.',0,'1975-09-09 03:32:51'),(1247,47,47,'Eveniet at quae nisi esse libero molestiae. Id a aut voluptatem aut. Voluptatem eaque ducimus ipsa amet libero quia.',0,'2017-04-09 20:00:42'),(1248,48,48,'Inventore sunt ut amet quaerat laudantium ea. Laborum asperiores veniam voluptatibus explicabo placeat perferendis eum.',1,'2008-05-14 06:44:13'),(1249,49,49,'Explicabo qui reiciendis sunt et voluptatem aliquid praesentium. Cum minus nulla esse mollitia facere. Quibusdam atque excepturi dolores ipsam esse.',1,'1978-03-15 05:50:48'),(1250,50,50,'Eum quia est quasi dolorum aspernatur suscipit. Aut nobis et quis et nesciunt. Hic adipisci praesentium aut et rerum ipsum. Aut eos ex dolor veritatis asperiores. Magnam corporis ut dolor occaecati numquam.',1,'1991-12-09 15:23:31'),(1251,51,51,'Alias temporibus minima ullam qui natus et molestias. Dolore distinctio corrupti consequatur laudantium sint corrupti. Ipsa incidunt est vitae eos et aperiam. Error suscipit eum provident soluta dolor nobis.',0,'1998-11-01 12:18:31'),(1252,52,52,'Qui sit est sit doloribus. In minima odit fugit voluptas adipisci dignissimos rerum. Laborum modi voluptatem cupiditate temporibus cum illo. Eos eum et expedita voluptatem ea.',0,'1986-06-14 17:53:46'),(1253,53,53,'Sed eum corporis corrupti dolor. Voluptatum eos ut iusto quas nesciunt. Impedit voluptas cumque quidem ut itaque. Quibusdam ea voluptatem pariatur dolorem quidem ut nobis ut.',1,'1987-07-07 09:28:13'),(1254,54,54,'Explicabo expedita ipsam et laborum ipsam aut. Est deleniti a illo optio dolores maxime.',1,'1993-08-01 17:18:24'),(1255,55,55,'Dolor aspernatur voluptatibus quo debitis et exercitationem temporibus. Dicta nihil officia culpa quis. Laboriosam beatae nesciunt rem magnam esse. Nemo repellat ut earum et illo.',1,'1988-01-15 01:32:03'),(1256,56,56,'Repellendus officiis inventore ut maiores eius. Deleniti reiciendis fugit maxime corporis pariatur veniam sit. Est eius odio delectus rerum. Eaque pariatur non fugiat soluta aperiam voluptas. Est et repudiandae saepe illo veniam.',1,'1996-07-13 08:55:50'),(1257,57,57,'Est iure et vero deleniti deleniti. Vel quibusdam ratione dolorum. Libero eaque minus officia.',0,'1973-07-28 19:37:30'),(1258,58,58,'Sequi eligendi debitis ullam natus adipisci. Facilis adipisci facere autem neque ad dolorem cum qui. Ut praesentium temporibus maiores voluptatem molestiae aut quo.',1,'2013-01-04 08:36:01'),(1259,59,59,'Hic possimus repellendus ducimus repellat dolores porro. Delectus dolorem nostrum pariatur. Quod non minus quidem sed quibusdam itaque ea.',1,'1986-12-23 09:30:49'),(1260,60,60,'Nemo quaerat harum atque ipsa nobis temporibus. Quod temporibus ipsam iste est alias non.',0,'2001-12-09 01:28:12'),(1261,61,61,'Sit temporibus iusto vel explicabo et. Qui voluptate ex iure repellendus incidunt consequatur et. Officia rerum minima earum labore enim eos. Culpa adipisci sed officiis eveniet est.',1,'2011-03-07 23:22:10'),(1262,62,62,'Excepturi eos blanditiis officiis impedit perferendis. Consequatur est voluptas cum est rerum. Cum consequatur enim itaque impedit quia. Odit omnis saepe cum odit.',1,'2001-07-14 14:44:57'),(1263,63,63,'Qui numquam optio quia veniam qui aut ea. Tenetur voluptatem voluptatum dicta praesentium officia. Eaque dolor ut aperiam aut animi consectetur modi. Eum qui ullam distinctio mollitia.',1,'1994-04-22 13:02:39'),(1264,64,64,'Nam atque enim numquam odio id. Est dolorem aliquam mollitia omnis est iusto at. Qui incidunt excepturi veritatis. Temporibus repellat quasi et quo.',0,'1996-08-05 09:43:38'),(1265,65,65,'Eaque vel et quas minus eveniet et. Adipisci velit et voluptates eius. Fugit quisquam dolores repudiandae molestiae.',0,'2018-10-13 13:18:53'),(1266,66,66,'Aut et sunt voluptas hic laboriosam quia qui. Quidem rerum totam corrupti dolore eveniet adipisci ipsa. Error voluptatem asperiores vero veritatis dolorum aperiam similique occaecati. Accusamus dolores sint beatae in rerum.',1,'2008-02-11 18:43:15'),(1267,67,67,'Iure voluptatem quisquam exercitationem qui neque impedit excepturi. Quaerat in doloribus quae sit cum in hic. Voluptatum voluptatem perferendis labore et atque nihil fugiat.',1,'2006-12-31 17:04:15'),(1268,68,68,'Ut assumenda quos numquam architecto nisi non. Eaque necessitatibus quaerat tempora deserunt rerum dolorem. Animi est ullam perspiciatis voluptate.',1,'2007-03-20 03:10:16'),(1269,69,69,'Possimus cupiditate quod nihil ullam commodi temporibus distinctio. Itaque consequatur accusamus quia perspiciatis et voluptas. Quo ut et recusandae nemo voluptatum. Placeat inventore fugit tempora in earum praesentium iure. Consequatur non velit commodi tempora et quam dolore.',1,'2003-10-09 06:16:43'),(1270,70,70,'Eos quasi tenetur distinctio suscipit soluta cumque. Libero sit ipsa sit quo nulla.',1,'2004-09-11 06:59:10'),(1271,71,71,'Consectetur dignissimos eum quia sint. Non eaque fuga odio pariatur perferendis perferendis aut perferendis. Et rem et facilis doloremque velit dolore. Laudantium temporibus eius aut aliquid.',1,'2020-05-28 02:01:50'),(1272,72,72,'Illum velit incidunt expedita dolores ut. Sint non nostrum deserunt ex officia autem aut fugiat. Aut temporibus velit quia non dolorem et autem.',1,'1994-07-24 23:31:18'),(1273,73,73,'Beatae et perspiciatis recusandae blanditiis. Et vel fuga velit magni. Reiciendis ut voluptatibus asperiores. Omnis voluptate nemo eos consequuntur occaecati in. Eum fugit sit ex quidem non aut.',1,'1978-02-21 05:29:35'),(1274,74,74,'Labore consequuntur est quae voluptatibus. Quia in quam molestias iste incidunt quibusdam. Deserunt consequatur quisquam illum suscipit. Qui laboriosam totam et quibusdam minus. Repellat dolore a dolor mollitia eum sapiente rerum.',1,'2019-07-15 01:59:38'),(1275,75,75,'Aut voluptatem dolore neque sint est perferendis omnis aperiam. Ab dolorum deleniti dolorum et delectus quia vero ipsa. Molestiae architecto eos deleniti vel tempore sit ex.',0,'1990-02-01 00:43:04'),(1276,76,76,'Sunt non repellendus saepe autem esse repudiandae dolor illum. Ad repudiandae qui cumque.',0,'1990-11-03 22:34:02'),(1277,77,77,'Ipsam natus ea non sit facere corporis corrupti reprehenderit. Animi optio explicabo autem fugit quia debitis.',0,'2009-10-01 16:15:09'),(1278,78,78,'Voluptas ipsam quia suscipit eius possimus doloremque. Deleniti iure fugiat sit suscipit. Et sequi repellat amet nostrum blanditiis et. Et voluptates vel qui dolores non est autem.',1,'1996-11-21 10:41:33'),(1279,79,79,'Repellat non dolore vel velit est sequi asperiores. Amet ducimus modi dolorem. Sequi odio fuga voluptate libero ab eum. Commodi ratione commodi tempore deleniti blanditiis.',1,'2002-11-17 10:51:25'),(1280,80,80,'Harum eaque ratione sed sed. Mollitia deserunt enim animi necessitatibus cumque dolore accusantium. Atque expedita blanditiis ex eligendi. In id neque fugit sunt et impedit.',0,'1983-06-13 12:22:43'),(1281,81,81,'Quasi sint rerum id in dolor sunt natus consequuntur. Et deserunt inventore harum enim aut est. Iste asperiores ducimus sint laborum nihil.',0,'1996-07-23 19:16:09'),(1282,82,82,'Eos iste repellendus sit. Hic quia vero quidem. Harum omnis distinctio facilis quo voluptatibus et nemo dicta.',1,'2013-04-01 13:48:31'),(1283,83,83,'Saepe nam animi reprehenderit. Ut corrupti assumenda voluptas et perspiciatis. Nemo ut adipisci error. Ipsam assumenda reprehenderit et.',0,'1999-01-29 20:08:58'),(1284,84,84,'Pariatur quos placeat eos soluta quibusdam distinctio. Explicabo vitae nostrum aut quis. Molestias aliquam et omnis esse modi aut et.',1,'1987-04-20 13:54:51'),(1285,85,85,'Voluptas voluptas pariatur necessitatibus facere sed beatae. Et sit incidunt eum magni voluptatem. Iste repellendus aut voluptatem voluptatem qui est. Ab beatae alias nisi ipsam dolorem quia.',1,'2009-06-19 03:07:30'),(1286,86,86,'Molestias occaecati blanditiis debitis. Et reiciendis et aut vel ut nemo quia. Illo nihil nihil et sed consequatur ea.',1,'1988-07-15 14:40:10'),(1287,87,87,'Qui et deserunt quo laudantium voluptas. Nobis mollitia ut enim veniam nobis vel asperiores. Corrupti consequatur cum eaque ipsa consectetur quia occaecati.',0,'2017-04-20 04:56:01'),(1288,88,88,'In qui amet voluptatem quibusdam quis voluptatem. Illum a earum aut. Repellat est debitis et saepe blanditiis.',0,'1976-06-18 19:15:45'),(1289,89,89,'Sint et nihil molestias. Voluptatem non non velit eligendi velit qui eius excepturi. Animi nobis consequatur nemo fugit repudiandae voluptatem. Soluta magnam reiciendis tenetur quam nam dolorem tempore.',1,'1971-06-20 04:21:19'),(1290,90,90,'Est odit eos aut sit doloremque in quia. Laudantium necessitatibus voluptas ea similique ut non. Harum quia possimus nobis est consequatur architecto.',1,'1987-06-12 20:19:57'),(1291,91,91,'Porro rem illum a temporibus eligendi. Et sint enim ea pariatur dolore et.',1,'2005-06-15 12:26:43'),(1292,92,92,'Et enim officiis consectetur dolore esse quibusdam laudantium. Necessitatibus et doloribus numquam at exercitationem. Maxime ut animi voluptatem et est voluptatem.',1,'2014-08-20 10:41:52'),(1293,93,93,'Enim possimus omnis vel aut alias. Est numquam omnis placeat animi deleniti. Ratione porro quas fugit temporibus. Culpa ullam voluptatem nam sit necessitatibus aperiam.',0,'1975-04-10 18:59:17'),(1294,94,94,'Repellat accusantium atque totam repellendus. In quo quam qui et autem consequatur magni. Tempora tempora nulla suscipit labore consequatur. Et soluta quia sint.',0,'2014-08-23 14:13:42'),(1295,95,95,'Distinctio minus beatae distinctio sit. Reiciendis qui autem ad repudiandae necessitatibus sed minus. Vel autem et perferendis reprehenderit laborum accusantium. Facere molestias rem unde dolor est eligendi. Amet doloremque quam occaecati atque nihil dicta quo laboriosam.',0,'2000-10-31 07:37:04'),(1296,96,96,'Eligendi dicta ut voluptate et sed aut. Sunt quo beatae voluptas. In ut labore nesciunt illo. Eveniet modi autem vel cumque porro eligendi sit impedit.',1,'2003-05-31 15:34:39'),(1297,97,97,'Perferendis incidunt dolorem quia reprehenderit. Consequatur ut ut quis. Nesciunt quia est asperiores sunt et earum.',1,'2013-11-30 17:26:19'),(1298,98,98,'Alias dolores qui blanditiis facilis. Optio sed consequatur ut deserunt maxime. Aut reprehenderit sed mollitia maxime temporibus saepe. Nobis minus officiis placeat deleniti provident ut laboriosam.',0,'1984-06-13 05:06:31'),(1299,99,99,'Maiores et nisi sapiente eveniet minima sint dolores. Dicta vitae ipsa aut. Placeat labore sunt perferendis odio.',1,'1994-12-16 21:08:36'),(1300,100,100,'Omnis dicta amet et animi minima. Quidem soluta neque eaque natus pariatur dolores aut est. Commodi a ipsa quo aperiam quod. Vero debitis omnis iusto voluptatibus ex corporis.',0,'1999-06-28 10:40:19');
/*!40000 ALTER TABLE `messages` ENABLE KEYS */;
UNLOCK TABLES;

--
-- Table structure for table `photo`
--

DROP TABLE IF EXISTS `photo`;
/*!40101 SET @saved_cs_client     = @@character_set_client */;
/*!50503 SET character_set_client = utf8mb4 */;
CREATE TABLE `photo` (
  `id` bigint unsigned NOT NULL AUTO_INCREMENT,
  `file` varchar(255) CHARACTER SET utf8 COLLATE utf8_unicode_ci DEFAULT NULL,
  `user_id` bigint unsigned NOT NULL,
  `description` text CHARACTER SET utf8 COLLATE utf8_unicode_ci,
  `created_at` datetime DEFAULT CURRENT_TIMESTAMP,
  `updated_at` datetime DEFAULT CURRENT_TIMESTAMP ON UPDATE CURRENT_TIMESTAMP,
  PRIMARY KEY (`id`),
  KEY `user_id` (`user_id`),
  CONSTRAINT `photo_ibfk_1` FOREIGN KEY (`user_id`) REFERENCES `users` (`id`)
) ENGINE=InnoDB AUTO_INCREMENT=101 DEFAULT CHARSET=utf8 COLLATE=utf8_unicode_ci;
/*!40101 SET character_set_client = @saved_cs_client */;

--
-- Dumping data for table `photo`
--

LOCK TABLES `photo` WRITE;
/*!40000 ALTER TABLE `photo` DISABLE KEYS */;
INSERT INTO `photo` VALUES (1,NULL,1,'Fuga eveniet sunt dignissimos. Est consectetur adipisci et aut quo tenetur sapiente. Laborum nobis et atque. Deleniti omnis est similique veritatis et officia vel.','1988-06-16 10:21:17','2013-01-02 11:35:16'),(2,NULL,2,'Laudantium id et error atque nulla dignissimos. Facere enim eius labore enim voluptatum. Et laboriosam minus autem magnam accusantium iste velit eaque. Sit est eveniet eos aliquid.','2009-03-16 18:46:11','2014-05-04 16:08:34'),(3,NULL,3,'A corrupti a delectus. Repellendus quia voluptatem quis voluptatem ipsam a. Quia qui qui earum qui corporis. Excepturi delectus eius suscipit corporis sequi quaerat ea modi.','2009-03-14 09:13:55','1995-09-02 03:10:38'),(4,NULL,4,'Quo tenetur voluptates aut incidunt quia perspiciatis ut. Fuga eius eveniet labore sequi nobis consequatur. Non culpa repellendus iure sed.','1978-01-20 21:07:26','2018-06-07 00:14:13'),(5,NULL,5,'Quam nam molestias aliquam et quaerat quia. Voluptas minima ut aut deleniti incidunt. Debitis velit qui velit voluptatem magnam eligendi.','1990-10-21 10:20:34','1976-06-16 00:32:39'),(6,NULL,6,'Sit nisi reiciendis nisi quaerat enim qui nulla. Voluptatem qui voluptatem vel aut voluptatem blanditiis quis. Ad molestiae non est harum illum eum sed doloribus.','2011-12-14 11:52:25','1987-11-10 01:05:52'),(7,NULL,7,'Illo rerum quia dolorem qui aliquid. Sapiente quod quia vitae at nemo provident illum. Veritatis et est consequatur dolor sit voluptas. Qui molestiae qui molestiae.','2013-12-10 00:51:59','2015-09-07 16:09:32'),(8,NULL,8,'Quia dolor rerum porro quaerat aut culpa. A sunt vitae voluptas quisquam. Voluptates dignissimos molestias quam.','1980-07-21 23:50:17','1972-10-20 08:03:19'),(9,NULL,9,'Et consequuntur illo quia alias officia. Repellat omnis dolores doloremque consequatur. Voluptate quidem qui est dolores quo sit omnis. Molestiae ut porro deserunt quam qui officia. Sed fugiat sapiente id quos suscipit illo omnis.','1994-11-11 16:15:26','2014-12-15 14:22:28'),(10,NULL,10,'Deleniti ipsa consequatur rerum consequatur quisquam atque accusantium. Ipsum eaque ut dolorum quia excepturi.','1979-03-06 14:22:23','1982-05-30 20:27:35'),(11,NULL,11,'Et vel possimus explicabo minus illum neque. Consequuntur nam quam aut facere. Molestiae vero vero praesentium maiores id et eos. Repellat dolorum consequuntur est laborum aut sint eum. Molestiae aut magnam expedita optio provident vel.','2007-09-21 14:06:22','2019-04-26 19:42:30'),(12,NULL,12,'Recusandae possimus accusamus et possimus. Est iusto quam dicta natus. Consequatur dolore repellat tempore quidem rem.','1993-01-09 17:39:01','1996-10-18 02:24:16'),(13,NULL,13,'Aut ullam maiores delectus debitis explicabo tenetur odio consequatur. Consequatur quam eligendi explicabo vero commodi. Velit harum ipsum nihil illum. Et possimus est vitae placeat dolorum dicta.','1999-06-29 07:39:03','1991-11-04 14:47:12'),(14,NULL,14,'Sequi tempora voluptas odio laudantium maiores mollitia. Excepturi esse id unde sunt. Iusto autem et saepe ea voluptatem sapiente.','2007-10-13 04:40:20','1977-04-01 14:32:23'),(15,NULL,15,'Velit blanditiis id quas at. Qui culpa repellat voluptatibus aspernatur voluptatem tempore laboriosam ea. Atque commodi ut laudantium ad et autem earum ut. Doloribus corrupti est vitae.','1993-06-16 05:19:00','1971-06-15 01:46:09'),(16,NULL,16,'Voluptas quia et eligendi qui qui beatae impedit. Dignissimos velit ea minus eos ipsum hic. Vero commodi distinctio est dolorem.','1994-02-04 08:06:58','2020-05-23 12:30:23'),(17,NULL,17,'Quia ut repudiandae vel. Qui quod reprehenderit ipsum temporibus et voluptate. Blanditiis repudiandae dignissimos quis distinctio ut corrupti.','1991-08-03 22:35:10','1984-12-06 14:21:02'),(18,NULL,18,'Maxime voluptatem id tempore ullam. Voluptatem libero illo tempora quo dolore distinctio tempora.','2015-03-09 05:00:52','1974-01-12 13:18:10'),(19,NULL,19,'Dolore quidem perferendis ducimus amet ea. Qui aspernatur illo aspernatur qui voluptates sed. Recusandae fuga vero veritatis quis. Et tempora consectetur cupiditate doloribus.','1982-08-07 03:03:52','2013-06-19 15:12:04'),(20,NULL,20,'Unde voluptate quia reprehenderit. Quaerat aut quia modi ipsam tempore. Delectus asperiores libero exercitationem.','2006-01-17 03:15:21','1987-11-26 04:32:19'),(21,NULL,21,'Minima est voluptas molestiae praesentium ullam sit. Velit qui commodi magnam sapiente necessitatibus nemo non. Ipsa architecto hic libero voluptates. Nemo labore ex ut et eaque.','1996-03-05 22:19:57','2020-01-17 13:24:26'),(22,NULL,22,'Voluptatem voluptatem molestiae minus rerum. Aut itaque neque enim magnam facere autem id. Suscipit accusamus atque voluptatem soluta et aliquam.','2010-04-15 22:38:56','1994-09-05 01:38:57'),(23,NULL,23,'Rem magnam aut quo eius occaecati nihil voluptatum. Veritatis quis commodi aut inventore repellat et ab. Omnis eum dolor voluptatem molestiae perspiciatis eaque. Earum facere libero fugiat itaque tenetur aliquid similique nisi.','2006-04-26 22:25:13','2005-09-03 07:52:59'),(24,NULL,24,'Corrupti qui quia officiis dolorem. Voluptatem et nobis dolorem placeat. Voluptates vero sit exercitationem harum perferendis.','2012-06-13 11:59:30','2010-12-20 03:16:30'),(25,NULL,25,'Tempora quae quam accusamus a repudiandae dolorem asperiores. Corporis quis impedit vitae fuga explicabo similique eveniet quae. Velit debitis molestiae reprehenderit quos sunt odio hic. Velit hic quo molestiae.','1998-07-07 03:16:10','2008-08-04 10:52:23'),(26,NULL,26,'Quia ea earum molestias ut nulla. Voluptatem ducimus doloribus maiores ullam qui. Ut voluptatibus explicabo soluta voluptatem eveniet. Hic aut assumenda nihil sapiente quibusdam et.','2009-04-06 14:40:52','1982-02-13 09:43:45'),(27,NULL,27,'Molestiae nostrum aut quam et dolore nam cumque. Nihil minima qui suscipit veritatis in eligendi. Animi reprehenderit ea accusantium nihil consequatur. Eum quaerat veniam voluptatem velit at.','1975-12-12 19:25:22','2011-12-15 00:46:06'),(28,NULL,28,'Ipsa corrupti saepe provident suscipit harum unde eveniet. Doloremque est distinctio aut dolor qui ducimus. Sunt magni tempore cumque sint harum asperiores sit.','1971-05-07 18:46:32','1974-05-04 00:28:53'),(29,NULL,29,'Et sint laborum tenetur qui. Quia earum nihil saepe est pariatur accusamus. Deleniti dolores iure consequatur. Mollitia ipsum qui eum dicta.','1983-04-29 21:53:39','2000-03-16 03:46:21'),(30,NULL,30,'Quam consequatur autem odit. Corporis odio quia repudiandae nostrum nemo quo. Quisquam dolore quis illum sint soluta laudantium enim ut.','2020-01-03 19:20:51','2000-02-10 03:24:38'),(31,NULL,31,'Deleniti ut doloribus aut aperiam asperiores. Inventore iste et hic sunt eum recusandae quis sit. Commodi molestias aut porro nam voluptatum recusandae nam. Ut non repudiandae dignissimos veniam sint itaque.','1974-09-20 18:07:04','2018-11-04 16:58:05'),(32,NULL,32,'Amet nostrum fugiat ipsa rerum eum. Libero similique voluptatem eaque facere. Quis consequatur ut cumque rerum cumque sint dignissimos.','1991-05-08 05:11:53','2002-08-19 10:50:44'),(33,NULL,33,'Facilis iure qui recusandae voluptas fugiat. Dolor sequi enim numquam consequatur. Culpa qui officiis voluptate sunt aliquid voluptatibus. Odit quia ut omnis modi aliquid esse saepe. Natus veniam itaque corporis non ex laudantium quia.','1982-08-29 01:29:31','1976-10-10 22:34:26'),(34,NULL,34,'Qui quia repudiandae amet ipsa iste. Neque qui totam autem totam modi esse dolorem dignissimos. Aut nemo eius non. Modi odio consequuntur rem adipisci dignissimos ipsa. Rerum natus aliquid aperiam sit.','2004-06-18 07:57:26','1984-06-07 15:04:27'),(35,NULL,35,'Nemo id dolores praesentium possimus necessitatibus eum excepturi. Omnis optio quae et reiciendis qui cupiditate sit tempore. Rem explicabo voluptatum neque sint. Qui quaerat blanditiis voluptatibus sunt.','1984-05-28 14:05:17','2020-01-26 21:08:14'),(36,NULL,36,'Quis nihil aut quis omnis numquam id quisquam. Reprehenderit enim quod autem reiciendis illum amet. Ut distinctio fugit rem et. Totam dolores vitae amet ea dolorem neque.','2019-08-14 08:01:24','2003-06-10 00:14:19'),(37,NULL,37,'Voluptates quaerat rerum magni voluptatem placeat voluptatem. Ad id aspernatur adipisci occaecati. Fuga aut architecto debitis laborum dolor aut.','1988-11-24 12:58:52','2005-03-09 15:40:20'),(38,NULL,38,'Tempora perferendis voluptatem alias qui. Ipsam numquam eos natus. Corporis dolorum eos consectetur qui fugit dolores quisquam.','2016-10-17 16:47:30','2001-08-02 18:07:13'),(39,NULL,39,'Ut corporis magni sunt laboriosam qui excepturi enim voluptatem. Aut quia et dolore dolores reiciendis consequatur. Nostrum nihil distinctio dolores omnis earum ipsam pariatur.','1979-05-02 21:23:03','1972-01-02 10:27:25'),(40,NULL,40,'Doloremque tempore nisi ut alias nihil. Animi velit ut laboriosam ut quo. Recusandae aliquam laudantium tempore voluptas saepe.','1975-07-13 10:11:29','1974-08-05 18:11:41'),(41,NULL,41,'Non corrupti enim est qui accusamus ut. Unde facere illo eveniet fugiat modi. Quia porro enim aliquid et voluptates.','2011-04-23 02:28:32','1980-01-14 00:43:34'),(42,NULL,42,'Accusamus incidunt cumque debitis officia hic est veritatis. Harum nesciunt perferendis repellat facere nobis. Unde recusandae delectus qui corporis. Distinctio alias modi voluptatem explicabo ipsa nulla quos.','1979-08-09 09:19:47','2013-07-11 19:16:43'),(43,NULL,43,'Quam recusandae facere eos cumque similique at laboriosam quia. Doloribus est molestias quia recusandae qui enim. Quia officia fuga possimus tenetur.','2003-09-21 16:14:22','1973-06-05 11:13:10'),(44,NULL,44,'Magnam labore praesentium nesciunt nesciunt quis illo eos. Qui sit ullam et accusamus. Accusamus consequatur sit quo. Repellendus nemo unde labore repudiandae distinctio porro et. Qui architecto earum a porro qui qui.','1978-03-31 16:36:02','2012-06-25 19:30:12'),(45,NULL,45,'Eum consequatur pariatur dolorem officiis. Optio facilis aliquid eligendi earum sunt. Sunt fugit a nemo consequatur. Aut dolore minus omnis possimus ducimus qui odio.','1979-03-31 07:58:14','1990-08-10 14:59:43'),(46,NULL,46,'Est voluptas est nesciunt est. Aut ut dolor dolor velit atque. Ut occaecati molestiae occaecati voluptatum natus. Doloribus et velit consequatur.','2020-05-15 14:36:55','1999-06-28 01:31:02'),(47,NULL,47,'Laborum facere ratione inventore aut est qui. Fugiat mollitia animi exercitationem velit velit expedita. Dolore rerum fuga debitis quae. Magnam necessitatibus nemo est animi est officia. Maiores fuga sequi id nostrum architecto et deleniti beatae.','1976-01-01 21:49:25','2008-04-18 01:16:59'),(48,NULL,48,'Corporis nesciunt quisquam totam sunt quasi praesentium ut iure. Dolore fugiat et quaerat veritatis alias enim accusamus omnis. Similique et quos qui sunt quos hic minus nemo. Est voluptatem numquam dolor expedita. In facere facilis rerum nisi.','1974-10-25 16:58:32','2017-04-25 08:22:32'),(49,NULL,49,'Iusto mollitia alias harum dolorum dolorem quas. Consectetur est praesentium nemo cumque nisi earum voluptatem. Aspernatur id nihil omnis eos laborum.','1993-05-12 03:14:02','2003-01-08 17:07:58'),(50,NULL,50,'Quaerat eum natus consequatur voluptatum velit fugit. Facilis aut reprehenderit nostrum. Eligendi qui et iste laudantium nihil dicta exercitationem. Totam inventore voluptatem impedit. Iure tenetur quisquam consequatur enim numquam voluptas officiis nemo.','1972-08-21 20:57:43','2011-01-02 10:18:15'),(51,NULL,51,'Quo temporibus exercitationem quia eveniet. Porro itaque delectus illo nihil. Qui velit magni quaerat non placeat asperiores. Pariatur sed harum rerum id eos.','1980-04-17 03:20:12','2005-06-16 23:55:13'),(52,NULL,52,'Velit possimus neque harum fugit sed nam voluptatem. Ut iste aut natus quaerat voluptas. Minima quia voluptatibus id soluta commodi ut harum. Ut ut eos voluptate nisi omnis non.','2003-08-17 06:43:31','1999-04-12 08:55:51'),(53,NULL,53,'Accusantium voluptas saepe doloribus reprehenderit. Quis iusto assumenda cumque beatae illo qui et. Facilis neque nisi et ut. Sit ut quo aut quia error iusto voluptatibus.','1983-07-03 14:58:49','1983-03-04 08:47:38'),(54,NULL,54,'Dolorem inventore quia quos unde. Minus accusantium reiciendis ea quia iusto. Architecto sed in eos voluptates.','2006-04-28 16:37:41','1989-01-31 08:34:15'),(55,NULL,55,'Blanditiis repudiandae voluptates porro qui adipisci. Alias molestias ut quis cumque velit rerum. Vitae ex animi sit voluptatem occaecati nihil ratione.','1990-01-28 02:15:07','2001-05-20 18:52:14'),(56,NULL,56,'Quod et eum est quibusdam dolores maiores dolor omnis. Error repudiandae qui eaque nihil numquam. Sequi ut et quia eum dolorem at.','2014-07-22 12:12:39','2000-12-25 09:00:21'),(57,NULL,57,'Fuga et doloremque aut nobis dolorem similique quod. Cum molestias deserunt consequuntur laboriosam aperiam beatae ea. Eos voluptate rerum quia ut. Debitis officia quo excepturi aliquam.','1979-02-12 20:48:51','1993-02-23 09:19:21'),(58,NULL,58,'Corrupti at molestiae sed eligendi. Sit accusantium ex id voluptatem voluptates vel sunt.','2012-05-16 16:02:31','2008-03-30 07:32:46'),(59,NULL,59,'Assumenda nesciunt non dolorem libero harum in. Et voluptates iusto provident officiis. Earum ratione ea voluptas vel dicta eos. Sit quaerat ipsam quod maiores ut similique.','2010-11-07 00:32:49','2006-09-26 21:57:21'),(60,NULL,60,'Ut omnis voluptas rerum nemo. Sunt maxime dolores temporibus ipsa. Eveniet autem esse deleniti soluta debitis placeat aspernatur.','2002-02-26 09:37:35','2009-12-17 07:41:15'),(61,NULL,61,'Eos et enim neque ut asperiores fuga et. Ipsum dolor quo quod aliquid eaque quasi incidunt at.','1995-01-17 16:42:41','2013-04-17 04:31:38'),(62,NULL,62,'Ad quis itaque totam consectetur suscipit minus. Itaque magnam esse aut voluptas et et adipisci. Et minima voluptas placeat qui quam. Animi omnis eius nihil deserunt fugiat sunt.','2009-06-23 02:04:31','2003-12-22 08:07:39'),(63,NULL,63,'Maxime quidem numquam architecto odio nulla quasi. Iusto doloremque magnam sint. Fuga eveniet ad omnis aut perferendis harum harum consequatur. Tenetur et excepturi omnis tempora.','1975-02-14 18:20:20','1996-09-28 22:04:35'),(64,NULL,64,'Quasi corrupti dolor officia dolores. Voluptas dicta id molestiae veritatis beatae qui ullam. Aut odit beatae aut sit.','2001-09-15 03:32:30','2018-02-10 14:36:22'),(65,NULL,65,'Eveniet fugit illum excepturi et. Tempore quibusdam sit qui labore et minus. Eum iste aliquid facere similique.','1986-03-03 17:41:09','1986-01-31 20:50:06'),(66,NULL,66,'Dolor occaecati qui sunt quisquam eaque quam quae. Voluptatem nemo id non qui aperiam quae. Ipsa quaerat minima beatae aut sint iusto ducimus velit.','2011-09-05 19:59:53','2007-08-17 20:49:57'),(67,NULL,67,'Aliquid fugiat vero aut quia vel rerum enim. Provident dolorem velit sit odit sapiente velit asperiores accusamus.','2013-06-08 06:40:09','2006-10-07 22:16:41'),(68,NULL,68,'Fuga sit recusandae distinctio sequi id aliquid. Quo vero ea voluptatem autem et. Accusamus rerum dolor ipsum rerum a.','2004-10-12 13:15:24','1972-09-04 12:47:44'),(69,NULL,69,'Quo qui ut deserunt sapiente eum corrupti aut asperiores. Qui soluta vel unde et dicta ex cupiditate. Atque aut repudiandae qui sit quaerat illo voluptatum. Temporibus autem voluptate enim minima.','1985-08-07 07:03:39','2008-04-30 01:32:10'),(70,NULL,70,'Ullam enim asperiores maiores quis rem et accusamus. Impedit quia labore dolor et rem ut accusantium. Sequi quas nihil enim quidem. Eum neque nostrum aspernatur excepturi et aut.','2005-08-14 23:52:52','2003-07-24 00:37:05'),(71,NULL,71,'Magnam labore magnam quis molestiae dolor voluptatem. Ipsa tempore animi esse quod omnis laborum repellendus. Et aut quos perferendis quam est qui ab. Nihil nihil quam possimus qui.','2019-11-11 07:50:40','2005-10-23 07:23:21'),(72,NULL,72,'Laborum quo qui nobis impedit dolor et voluptates iure. Aliquam dolor eos accusamus.','1986-07-20 02:15:11','1975-05-30 11:58:19'),(73,NULL,73,'Minus qui aut harum. Aspernatur sint eos rerum amet nesciunt. Blanditiis accusantium id soluta est molestias.','1981-07-31 03:38:28','1985-11-24 03:57:33'),(74,NULL,74,'Dolores et amet odio porro. Quae laudantium consequatur reprehenderit fugit deserunt doloremque totam sunt.','1984-10-14 22:05:17','2003-05-20 09:38:10'),(75,NULL,75,'Et velit quaerat consequatur. Nesciunt atque quod temporibus doloribus. Consequuntur omnis et nemo praesentium et. Et voluptates qui sit in earum at dolores.','2019-07-09 17:51:20','1998-05-24 16:06:37'),(76,NULL,76,'Dicta deleniti ea maxime sunt eos iste aut. Non ut molestiae dolores repellat. Sunt et voluptas dignissimos quo quis deleniti. Debitis dicta provident est omnis porro.','2001-08-14 03:43:38','2005-12-29 05:23:33'),(77,NULL,77,'Impedit est dolorum molestias. Rerum nisi tempore sint eligendi optio necessitatibus. Aliquid enim quae velit hic dolorem perferendis officiis. Distinctio nihil at quo recusandae consequatur illum omnis.','1997-10-10 10:37:28','1975-09-10 06:05:38'),(78,NULL,78,'Id est rem repellat eveniet odio non. Voluptate labore vitae voluptas consequuntur quidem pariatur ut amet. Optio dolore excepturi qui dolor inventore. Nisi earum fugit rerum possimus.','2017-07-30 05:23:08','1993-07-06 01:56:36'),(79,NULL,79,'Pariatur molestiae nihil voluptatum incidunt harum et. Eum nihil ut praesentium autem et. Eos voluptas est alias ut deleniti et similique. Nobis delectus rem rerum nobis ad aut.','1978-11-29 20:44:28','1993-06-30 02:35:58'),(80,NULL,80,'Quia rerum vel hic magni dicta veritatis et est. Ad non veritatis provident beatae voluptates quos cupiditate. Dolor aut tenetur consequuntur voluptatem nesciunt molestias nemo. Ut consequatur iste eos provident voluptatem assumenda. Provident necessitatibus ipsa in nam.','2009-10-10 09:12:46','1975-10-17 09:47:52'),(81,NULL,81,'Ab necessitatibus sit nesciunt ex architecto est maxime. Minus distinctio et sit facilis. Sed praesentium id accusamus aut nisi sit excepturi. Esse laborum deserunt reprehenderit omnis.','1990-07-12 11:45:47','1985-03-06 05:19:20'),(82,NULL,82,'Cupiditate et molestias odio nam eum qui ex accusamus. Qui laboriosam beatae ad quis fugit. Blanditiis dolores alias nisi enim quos.','1980-05-30 16:01:35','1985-10-02 13:32:01'),(83,NULL,83,'Sint natus quia expedita tenetur aut impedit aut. Et quam asperiores harum nesciunt ipsa. Consectetur quis a modi cumque aut velit inventore. Blanditiis eum rem repudiandae temporibus corrupti at fugit.','2001-07-30 00:51:43','1978-10-23 07:38:01'),(84,NULL,84,'Qui esse rerum quae quas blanditiis aut aliquam. Tempore quo ipsam necessitatibus ducimus fugit eos quisquam. In est omnis vero et ex magni odio. Laborum similique pariatur quod.','1982-05-14 22:57:56','2018-08-17 05:30:43'),(85,NULL,85,'Perspiciatis commodi enim architecto quae. Beatae labore voluptatem veritatis occaecati praesentium sunt. Est dolorem rerum earum asperiores omnis possimus est. Quam praesentium suscipit est sed et.','1987-12-21 02:32:58','2011-10-10 13:58:19'),(86,NULL,86,'Voluptatem id et veniam quia nam. Magni consequatur eum cum quisquam odit velit. Enim enim possimus vel ipsam doloribus eum amet. Dolorem delectus ducimus est sit dolorum aperiam.','2002-03-09 06:34:28','1971-09-24 17:38:20'),(87,NULL,87,'Non nesciunt excepturi perspiciatis tempora. Placeat necessitatibus molestiae et minus est sed. Aut earum et ratione ipsa veniam in.','1978-10-12 05:15:56','1990-09-01 17:02:50'),(88,NULL,88,'Suscipit voluptatem voluptas repellat adipisci et omnis. Sit culpa dolores natus est rerum sint. Occaecati et esse odit sapiente eaque odit odit. Quasi praesentium adipisci est aut.','2007-01-24 02:38:06','1972-08-15 05:30:42'),(89,NULL,89,'Aliquam et aspernatur tempore quo cumque et qui. Animi quis voluptatem in fuga. Non aut voluptatibus dolores illo facilis. Ratione dignissimos sed repellendus ut cupiditate ut tempore.','1995-04-03 02:24:51','1994-09-14 10:50:51'),(90,NULL,90,'Dignissimos perspiciatis tempore qui magnam quibusdam autem sit. Aut nam voluptatem quia ipsum qui esse velit. Rem omnis voluptatem voluptas ea ea consequuntur molestias.','1992-06-27 04:30:32','2010-04-21 15:53:10'),(91,NULL,91,'Dolorem quas id consectetur impedit. Aut aliquid explicabo facere quo quis et vel. Voluptas temporibus nostrum maiores.','1978-09-27 09:54:48','1992-01-07 06:35:55'),(92,NULL,92,'Quo sed rerum et numquam quae possimus eligendi. Est quidem deleniti excepturi pariatur non fuga. Tenetur sint ut voluptas corporis saepe nisi. Laudantium quo quia qui et similique incidunt nihil.','1996-10-24 00:28:22','1973-07-15 17:34:42'),(93,NULL,93,'Quo velit esse quidem nostrum laboriosam facilis non. Pariatur eum laudantium molestias qui itaque tempore. Fuga velit quasi dolorum corrupti et dolorum eligendi. Officiis temporibus aut laudantium nobis officia totam excepturi.','2014-09-18 13:56:17','1970-04-03 18:10:30'),(94,NULL,94,'Id est ad officiis quo est repellendus. Explicabo omnis repellendus corrupti molestiae rem magnam atque nesciunt.','1986-11-09 02:37:40','1989-01-10 19:45:58'),(95,NULL,95,'Ipsa quia modi et aut sunt sint assumenda dolore. Nobis ex quas quibusdam beatae blanditiis. Ullam ut ullam officia non tempora.','2019-07-30 19:07:47','1982-05-04 03:34:19'),(96,NULL,96,'Quam cum autem quis nostrum. Ea consequuntur quo dolores velit vitae iusto. Accusantium accusantium quisquam nemo porro saepe.','1982-03-08 16:41:11','1976-03-24 11:06:43'),(97,NULL,97,'Totam id asperiores quod odio alias. Quia doloremque enim eius sed. Et libero voluptate cupiditate totam aut culpa ut.','1980-01-09 10:51:47','2020-02-03 15:23:45'),(98,NULL,98,'Commodi aut quasi tenetur non ad rerum. Veniam et temporibus eum architecto. Aut delectus at libero quo quia molestiae voluptatum sunt.','2017-03-16 06:10:21','2017-03-06 03:47:44'),(99,NULL,99,'Voluptas aut hic error inventore placeat tempora. Ducimus sed reiciendis harum voluptatem voluptatem animi itaque ratione. Quasi sunt doloribus autem perferendis rerum et quam. Soluta amet error impedit et.','2003-05-08 14:57:41','1973-01-25 08:22:17'),(100,NULL,100,'Magni sed ab maxime asperiores totam aut occaecati consequatur. Provident et unde modi dolorem numquam. Sapiente velit dignissimos exercitationem recusandae. In aut sed iste sed quas non ut aut.','1991-12-12 06:01:54','2003-04-05 06:57:20');
/*!40000 ALTER TABLE `photo` ENABLE KEYS */;
UNLOCK TABLES;

--
-- Table structure for table `posts`
--

DROP TABLE IF EXISTS `posts`;
/*!40101 SET @saved_cs_client     = @@character_set_client */;
/*!50503 SET character_set_client = utf8mb4 */;
CREATE TABLE `posts` (
  `id` bigint unsigned NOT NULL AUTO_INCREMENT,
  `user_id` bigint unsigned NOT NULL,
  `body` text CHARACTER SET utf8 COLLATE utf8_unicode_ci,
  `attachments` longtext CHARACTER SET utf8mb4 COLLATE utf8mb4_bin,
  `metadata` longtext CHARACTER SET utf8mb4 COLLATE utf8mb4_bin,
  `created_at` datetime DEFAULT CURRENT_TIMESTAMP,
  `updated_at` datetime DEFAULT CURRENT_TIMESTAMP ON UPDATE CURRENT_TIMESTAMP,
  PRIMARY KEY (`id`),
  KEY `user_id` (`user_id`),
  CONSTRAINT `posts_ibfk_1` FOREIGN KEY (`user_id`) REFERENCES `users` (`id`),
  CONSTRAINT `posts_chk_1` CHECK (json_valid(`attachments`)),
  CONSTRAINT `posts_chk_2` CHECK (json_valid(`metadata`))
) ENGINE=InnoDB AUTO_INCREMENT=101 DEFAULT CHARSET=utf8 COLLATE=utf8_unicode_ci;
/*!40101 SET character_set_client = @saved_cs_client */;

--
-- Dumping data for table `posts`
--

LOCK TABLES `posts` WRITE;
/*!40000 ALTER TABLE `posts` DISABLE KEYS */;
INSERT INTO `posts` VALUES (1,1,'Optio officia minus veniam at necessitatibus numquam repudiandae aut. Omnis incidunt explicabo explicabo deserunt.',NULL,NULL,'2014-03-25 04:11:28','2020-05-21 08:07:44'),(2,2,'Sunt quia voluptatem voluptate. Excepturi illo vel et delectus ab et. Voluptate eos asperiores vitae deserunt minus nam fugiat et. Veniam voluptatem quaerat at laboriosam porro voluptatem perspiciatis voluptatum.',NULL,NULL,'1990-08-02 03:23:30','1980-01-29 16:54:56'),(3,3,'Blanditiis et aliquam et ex. Eum eum fugiat ipsa distinctio autem a. Est quisquam similique blanditiis facilis. Quidem et a et consequatur excepturi quis enim.',NULL,NULL,'2000-05-09 23:24:06','1970-01-12 20:09:32'),(4,4,'Nulla nesciunt recusandae et. Voluptas impedit et asperiores eum aliquam maiores. Earum voluptatem placeat exercitationem sed quia. Voluptate voluptatibus sunt voluptas cupiditate libero hic.',NULL,NULL,'2007-03-19 14:36:26','1992-11-27 18:45:01'),(5,5,'Est esse repellendus facere ab quaerat. Eligendi consectetur qui sequi ab. Quidem exercitationem nobis ea ab commodi aperiam nesciunt.',NULL,NULL,'1973-06-17 11:32:21','2012-12-07 12:37:18'),(6,6,'Mollitia sed provident aliquid perferendis hic et. Atque excepturi blanditiis blanditiis sunt fuga quod. Odit qui autem aliquam nobis voluptates explicabo. Et quis sequi in voluptas eos qui.',NULL,NULL,'1998-05-18 06:24:20','1998-03-27 02:01:18'),(7,7,'Iusto velit repudiandae aliquid esse ut placeat ipsum. Voluptatem a sunt ipsam est veniam laborum. Et quaerat non veritatis rerum laborum. Veniam quae sed cupiditate totam quasi.',NULL,NULL,'2013-08-30 08:36:01','2000-01-30 11:38:10'),(8,8,'Eligendi sit quasi eius sit qui est exercitationem. Ullam voluptas eius vel expedita molestias sed libero. Veritatis voluptas est totam id quos in ut sit. Ut ducimus ipsum quibusdam cupiditate similique doloribus.',NULL,NULL,'1984-09-01 11:07:26','1978-02-15 16:47:15'),(9,9,'Culpa quas velit velit beatae. Rerum distinctio laudantium itaque cumque ut. Voluptas exercitationem recusandae animi non cum distinctio.',NULL,NULL,'2020-01-06 06:38:03','2002-12-17 21:19:06'),(10,10,'Vel harum quod consequatur ab quia vero harum est. Amet sed perferendis deserunt dicta commodi veritatis aut. Autem ipsa labore dolore natus consequatur ut tenetur.',NULL,NULL,'2007-03-12 17:04:17','1992-11-09 17:58:02'),(11,11,'Fuga iure laborum magni sit voluptatem repellat sed eaque. Nihil ea inventore praesentium sed assumenda ex sit et. Incidunt aut quasi facilis ea illum est.',NULL,NULL,'2016-02-20 00:24:44','1985-08-17 07:51:55'),(12,12,'In vero id numquam porro. Dolor laudantium quia ut nihil non. Commodi dolorum ab non ea et repellendus minima. Fugit fugiat est autem magni ea.',NULL,NULL,'1999-10-04 08:44:18','1994-01-19 22:35:26'),(13,13,'Ut nemo nihil dolore. Nisi impedit ab praesentium modi quae id. Nesciunt cupiditate quibusdam voluptate porro.',NULL,NULL,'1970-08-06 20:13:00','1996-10-11 02:23:33'),(14,14,'Sit repellendus fugit laudantium optio voluptates cupiditate. Ipsam voluptas earum et iste nobis ut sunt. Necessitatibus ducimus alias molestiae veritatis rerum. Aperiam aliquam eos aut ea consequatur voluptates.',NULL,NULL,'2013-01-30 14:37:53','2017-12-09 11:50:13'),(15,15,'Est rem quo beatae consectetur veritatis corporis. Et molestiae velit quae reprehenderit. Consequuntur qui dolores occaecati sapiente qui et a. Voluptatibus non eos quos qui maxime nihil corporis.',NULL,NULL,'2005-10-12 09:14:50','1977-01-13 18:55:25'),(16,16,'Sit fuga repudiandae repudiandae sed. Sint dolor iure rerum dolorum expedita earum. Qui quas eius ut corporis et ex.',NULL,NULL,'2015-01-02 21:06:26','1985-03-08 01:33:47'),(17,17,'Sequi quia et est. Commodi aperiam voluptas saepe accusantium ullam nihil. Id voluptates sed quis repellat fugiat veniam ut.',NULL,NULL,'2016-05-15 00:50:14','2011-08-25 16:55:24'),(18,18,'Cupiditate consequuntur asperiores pariatur nam vel libero. Sapiente veniam deleniti accusantium soluta repellendus tempore aliquam. Et sunt veniam vel blanditiis optio similique.',NULL,NULL,'2000-09-26 14:09:34','2019-09-16 11:22:45'),(19,19,'Voluptates aut dolor nesciunt dolorem dolor. Voluptas id ipsa delectus voluptas. Modi molestiae fugiat quia officiis blanditiis ut. Veritatis non ad debitis dolorem.',NULL,NULL,'1995-08-26 23:00:03','1986-07-17 20:39:34'),(20,20,'Nam explicabo iure voluptatem necessitatibus quia aut accusamus est. Distinctio est et magni non aut laboriosam. In incidunt voluptatem ullam sit iusto modi est et. Corporis voluptas architecto ut aut.',NULL,NULL,'2011-05-08 14:01:31','1999-09-23 12:58:30'),(21,21,'Quia qui minima culpa porro dolorem. Dolores consectetur beatae sint.',NULL,NULL,'1997-11-22 08:42:38','2011-07-23 04:01:48'),(22,22,'Dignissimos cupiditate delectus rerum quos. Repellendus ipsum aut sunt autem ad harum accusamus. Necessitatibus molestias quia eum est occaecati fugit. Ipsum quidem reiciendis repudiandae tenetur.',NULL,NULL,'1972-08-01 05:16:21','2010-11-04 11:40:02'),(23,23,'Distinctio error qui voluptas minus non sed. Nesciunt magnam inventore tenetur nobis necessitatibus soluta. Est dolores eos atque saepe. Dolorem quia ullam architecto sunt.',NULL,NULL,'1977-08-20 11:22:35','1990-03-25 04:32:03'),(24,24,'Ad cumque totam doloremque asperiores. Dignissimos libero aut eum sit. Ea autem voluptatibus esse voluptates autem non ut. Quis dicta id repudiandae quia nihil ut dolorem.',NULL,NULL,'2006-07-03 21:52:00','1981-06-24 06:23:38'),(25,25,'Aut dolorem necessitatibus perspiciatis nisi ad. Natus sint aut vel voluptates.',NULL,NULL,'1994-02-10 11:11:39','2018-05-27 00:31:40'),(26,26,'Voluptatem et animi veritatis eveniet eligendi illo. Ut aspernatur sequi aut eaque laudantium. Sequi velit deleniti deleniti qui vero.',NULL,NULL,'2014-05-07 07:46:53','2006-11-08 14:42:12'),(27,27,'Eum reiciendis expedita esse nobis quasi deserunt. Magni sapiente totam voluptatem rerum. Officia sed est ab commodi.',NULL,NULL,'2006-01-11 12:33:01','1998-12-02 04:16:50'),(28,28,'Laboriosam voluptatem aut delectus commodi. Quis dolores ex sint sit debitis. Maiores voluptatem beatae aliquid eos. Rem id excepturi nobis quod.',NULL,NULL,'2017-01-11 00:01:59','1970-12-03 01:27:32'),(29,29,'Cupiditate necessitatibus adipisci labore qui. Voluptas et aspernatur aut vel. Aut voluptatem quod ut maiores provident veritatis.',NULL,NULL,'2010-10-21 15:23:50','1978-09-21 05:03:54'),(30,30,'Repudiandae voluptas consectetur esse sed voluptas eaque. Ut tempora delectus vel molestiae. Molestiae voluptas hic perspiciatis aliquam voluptatem neque ratione sed.',NULL,NULL,'1993-09-17 01:51:05','2007-10-17 11:14:57'),(31,31,'Error labore sit incidunt sint. Assumenda beatae quisquam et ratione. Eum beatae soluta sit facere fuga.',NULL,NULL,'1973-09-05 22:47:48','1989-07-13 17:23:02'),(32,32,'Assumenda aut adipisci vel voluptatem odit qui rerum eos. Et eaque unde sed dolor id. Omnis explicabo ratione doloremque porro rerum voluptatem. Rem ea enim dignissimos nam ab.',NULL,NULL,'1971-07-21 19:09:22','2010-10-20 11:27:05'),(33,33,'Voluptas ratione doloremque aliquam perspiciatis ducimus. Hic molestiae assumenda fuga libero fuga. Fugit est non nulla sed. Dolorem quibusdam quis inventore ut asperiores beatae.',NULL,NULL,'1980-04-17 09:30:00','1993-06-03 02:25:43'),(34,34,'Qui dolor neque voluptates voluptatem. Voluptatibus neque nobis est hic temporibus vel. Voluptas rerum eos sunt et sed ut asperiores. At odio at et hic id eum qui.',NULL,NULL,'1986-07-02 04:33:33','1979-03-20 13:16:45'),(35,35,'Velit fugit occaecati eius officia. Aperiam dicta alias et reiciendis distinctio.',NULL,NULL,'2018-04-09 06:09:35','1993-02-02 20:00:51'),(36,36,'Aut facilis consequatur alias qui ducimus fugit enim. Aut vel tempore nihil officia reprehenderit quod eveniet. Voluptatem laboriosam sit corporis asperiores. Delectus reprehenderit quo voluptatem.',NULL,NULL,'1991-10-20 05:55:20','1986-02-01 16:54:02'),(37,37,'Illo excepturi quo error est ut. Dolore earum sint nobis ut voluptate quasi ex. Non eaque sit non dolor illo quia exercitationem. Nulla consequatur minima placeat quis nihil.',NULL,NULL,'1986-11-04 03:38:19','1970-05-08 20:01:35'),(38,38,'Explicabo blanditiis architecto illo labore aut. Voluptates aut dolor vero hic aperiam fugit. Omnis consectetur id dolorum accusantium. Culpa ipsam aliquid tempora esse dicta ipsam.',NULL,NULL,'1975-01-31 11:18:44','1970-11-05 17:15:14'),(39,39,'Voluptatem vitae sint consequatur velit assumenda voluptatibus. Reiciendis totam sequi veniam quam ad aut. Voluptatum error esse tempora sequi veritatis. Sint pariatur deleniti error consequuntur.',NULL,NULL,'2009-11-01 17:49:35','2002-07-26 19:50:43'),(40,40,'Nihil libero et vel deleniti cumque nobis laborum rerum. Repellat non ut natus. Id quia qui molestias.',NULL,NULL,'1989-06-30 16:57:20','1991-02-02 16:40:38'),(41,41,'Qui incidunt itaque sapiente qui ex minima. Aut et doloremque delectus sequi illum ducimus. Id natus et temporibus voluptas ipsa atque. Laudantium omnis nihil iure qui tempore enim maiores incidunt. Perferendis aut ipsum illo adipisci dolorem et maiores nobis.',NULL,NULL,'2001-03-12 09:28:36','2016-07-06 22:34:36'),(42,42,'Omnis perferendis facilis et sapiente. Similique reiciendis illo autem aut sint voluptatem. Eius vero quaerat accusantium commodi ut quidem magnam. Velit voluptas cupiditate distinctio id suscipit et. Quae et adipisci et.',NULL,NULL,'1998-01-09 14:29:45','1999-08-29 12:18:55'),(43,43,'Velit sit quisquam quos et sequi. Totam hic nemo qui dolores voluptatem cumque. Neque eligendi hic velit inventore. Ipsam saepe iusto soluta cumque enim et quisquam. Voluptatum praesentium aspernatur voluptas saepe temporibus asperiores.',NULL,NULL,'2001-04-06 12:54:54','1987-08-09 10:12:36'),(44,44,'Quae nemo asperiores aut odio totam molestias et. Dolor laudantium officia magnam eum minus in velit. Necessitatibus quia eaque voluptas maxime.',NULL,NULL,'1992-03-28 18:35:02','2014-01-30 16:15:00'),(45,45,'Alias quia dignissimos et ullam minus. Qui sit numquam consequatur expedita. Doloribus magni corporis ut fugit deleniti et perspiciatis. Dolores autem ut consectetur quo.',NULL,NULL,'2009-01-19 16:25:00','1988-06-22 15:42:22'),(46,46,'Facilis saepe reprehenderit animi est. Beatae explicabo impedit beatae accusamus accusamus consequatur. Qui similique perferendis dignissimos aut. Asperiores possimus nulla suscipit id qui in aut.',NULL,NULL,'1997-03-29 13:30:25','1976-10-19 12:34:02'),(47,47,'Aut aut voluptas et modi assumenda necessitatibus. Culpa asperiores nobis nam deleniti facilis. Aspernatur odio dolor sint maiores deserunt qui labore et.',NULL,NULL,'2011-02-05 06:05:07','1995-11-29 23:51:47'),(48,48,'Quos qui sit id eius explicabo tempora. Maiores alias perspiciatis consequatur veritatis ad. Ullam numquam modi ut nihil debitis dignissimos eos. Qui qui similique dolores laudantium quas aliquid tempora.',NULL,NULL,'1995-05-06 04:43:43','1972-07-03 14:15:09'),(49,49,'Omnis in exercitationem aut corporis et. Sed labore libero laudantium. Fuga autem voluptas sapiente ea architecto eum consequatur perspiciatis. Omnis ut quos possimus aut voluptates.',NULL,NULL,'2016-07-14 12:11:50','1974-08-30 03:29:55'),(50,50,'Sed sint sunt aliquid nemo aperiam rerum. Placeat placeat dignissimos fugit alias id laboriosam fuga. Assumenda aliquam officiis eos earum unde. Praesentium unde repellendus dolor aut.',NULL,NULL,'2005-05-28 17:32:06','2014-04-28 14:51:33'),(51,51,'Incidunt voluptatum itaque sit sit. Placeat omnis eaque ea voluptatem quis ea dolorem et. Assumenda voluptatem sed minus atque voluptatibus est. Iste tempore dolores sapiente omnis sed provident fugiat.',NULL,NULL,'2015-03-28 17:21:27','1973-08-12 18:03:14'),(52,52,'Rerum et id quo perspiciatis quasi libero. Assumenda repudiandae nobis blanditiis repudiandae non quam occaecati. Voluptatem excepturi ducimus quos eveniet aut. Et tempora aut sed asperiores consequatur quia. Qui id autem quae qui.',NULL,NULL,'2018-05-12 22:09:12','1995-04-04 08:20:36'),(53,53,'Quod minus neque voluptatem sint tempore est. Nulla et ratione et. Numquam occaecati illum modi id ipsa exercitationem. Sed cumque voluptatem delectus ratione commodi et quo. Illum veniam aut est recusandae.',NULL,NULL,'2009-04-28 23:54:38','2006-11-28 14:40:22'),(54,54,'Ea omnis consequatur assumenda cumque voluptatem. Voluptatem voluptatem adipisci quos. Aut sit occaecati id odio consequatur tenetur.',NULL,NULL,'1982-11-08 14:13:35','2007-11-03 12:17:35'),(55,55,'Fugiat sequi hic sit et ut quia vero. Eos voluptates error veniam veritatis eum dolor et est. Quaerat voluptate deserunt amet odio facilis quis. Fuga nulla ab quia error.',NULL,NULL,'1971-01-01 10:18:39','2015-01-28 22:24:27'),(56,56,'Vel ratione incidunt corrupti nihil. Est molestiae eum repudiandae eaque consequatur quia corporis. Et rerum voluptas sit veritatis ab.',NULL,NULL,'1971-10-29 19:27:48','1990-02-24 19:15:16'),(57,57,'Iusto maxime et quae. Doloribus asperiores voluptate adipisci ipsum consequuntur animi reprehenderit. Natus molestias natus et consectetur.',NULL,NULL,'2002-06-12 01:40:39','1981-06-22 03:35:24'),(58,58,'Exercitationem beatae voluptatum dolorem magnam. Nihil in atque voluptatem pariatur dolor amet. Vitae quae voluptatem dolor sit. Dolores et qui ab ut sed.',NULL,NULL,'1977-09-23 09:40:35','1971-04-07 07:53:29'),(59,59,'Repellendus unde optio hic minima pariatur tempore. Nemo omnis et nesciunt omnis et atque ad. Rerum nemo perferendis iure sint unde quis dolor similique.',NULL,NULL,'1987-08-03 08:30:26','1989-01-21 14:40:21'),(60,60,'Incidunt aliquam dolorum dolore porro sit delectus commodi. Est in enim voluptas sint id veritatis. Dolorem eligendi qui aut.',NULL,NULL,'1997-10-04 12:43:03','2004-08-11 20:21:24'),(61,61,'Praesentium repudiandae iusto quaerat accusamus aliquid. Ullam perferendis fugit voluptas sit minima nihil. Est enim iusto quos sed beatae nulla veniam.',NULL,NULL,'1986-07-31 08:41:22','1975-08-12 18:18:03'),(62,62,'Veniam ullam ullam exercitationem consequuntur voluptatum sint eum. Est ab possimus ut eum temporibus. Ut et odit officiis consectetur. Magnam ratione eum nihil voluptas doloribus incidunt.',NULL,NULL,'1989-07-05 02:39:37','2018-02-21 08:35:33'),(63,63,'Ut nobis quibusdam perspiciatis cumque quos vero. Libero maxime sit dolore itaque numquam similique. In eligendi debitis velit magnam qui.',NULL,NULL,'2017-07-15 16:13:25','1991-11-08 22:17:02'),(64,64,'Tempore ea eius minus error odit suscipit. Impedit et labore suscipit at sunt. Voluptas autem quae voluptas libero.',NULL,NULL,'1982-11-19 11:53:49','1995-07-05 16:56:09'),(65,65,'Ut tempore alias maxime dolor laudantium et voluptatem. Amet laborum in nostrum consectetur velit qui odio. Est ipsa quae dolor aut.',NULL,NULL,'1997-01-19 07:25:03','1988-09-06 01:34:12'),(66,66,'Aperiam reiciendis eos et quibusdam est. Cupiditate qui occaecati rerum id ducimus dolores asperiores. Delectus quod assumenda delectus placeat temporibus ex. Quaerat occaecati vitae dolores.',NULL,NULL,'1991-09-02 15:30:32','2013-04-25 04:24:12'),(67,67,'Sapiente magni doloremque mollitia magni officia. Ut quia eaque quia reprehenderit nostrum. Iure blanditiis mollitia quia.',NULL,NULL,'2013-02-18 00:51:52','2011-01-23 22:43:18'),(68,68,'Necessitatibus delectus magnam sint. Harum quidem voluptas ex deserunt officiis. Porro explicabo odit earum aperiam.',NULL,NULL,'2002-08-31 19:08:23','2015-01-21 21:16:09'),(69,69,'Voluptatem dolorem reiciendis illo unde. Quia molestiae et at dolor. Veritatis ut officia numquam recusandae.',NULL,NULL,'1971-07-19 23:38:31','2009-05-19 16:39:23'),(70,70,'Impedit qui quae culpa laboriosam architecto excepturi fugit. Labore ea omnis veritatis nam. Saepe aut reprehenderit sit.',NULL,NULL,'1979-08-15 04:24:02','1983-10-27 07:59:55'),(71,71,'Amet consequatur illum maxime totam nostrum consequuntur. Delectus fugiat culpa possimus qui soluta et dolore occaecati. Molestiae perspiciatis commodi ea enim sequi cupiditate praesentium. Facere aut tenetur maxime eum et.',NULL,NULL,'1984-11-25 10:12:59','1975-06-26 10:32:41'),(72,72,'Deleniti est quibusdam vel consequuntur. Nemo modi ut perferendis ipsum. Eveniet incidunt vel vero temporibus rerum. Numquam omnis aliquam consequatur in aliquam molestiae.',NULL,NULL,'2010-03-15 22:55:51','2008-12-19 12:27:33'),(73,73,'Delectus saepe quis eius qui dicta et. Quibusdam et laborum fugit possimus doloribus. Excepturi voluptas voluptas aut dolores quis ut.',NULL,NULL,'2013-03-27 07:55:20','1999-10-18 03:14:51'),(74,74,'Sunt molestiae quos labore quaerat quis quas rerum. Quaerat itaque qui mollitia quia quae. In ab quas dolorum vero explicabo.',NULL,NULL,'2007-09-21 01:30:57','1972-08-01 07:08:40'),(75,75,'Ut sit veniam culpa molestiae enim ea odio. Enim maiores quo voluptates voluptas. Est cum doloremque veritatis sint non. Magnam omnis eligendi et ex rerum autem.',NULL,NULL,'1973-05-20 03:53:03','2009-05-14 04:29:21'),(76,76,'Qui et maiores consequatur dolorem ab autem. Molestias perferendis dolorem vero quo. Assumenda itaque et qui non sed. Et distinctio nihil et ea quia necessitatibus ut.',NULL,NULL,'2018-03-10 18:13:46','2003-03-30 02:21:37'),(77,77,'Velit ducimus error voluptas consequatur officiis. Quod ducimus ut perferendis ut libero nostrum.',NULL,NULL,'1996-03-06 00:23:37','1983-09-24 20:52:19'),(78,78,'Dicta odit vitae animi inventore. Accusantium et repudiandae qui. Esse temporibus delectus adipisci dolore exercitationem.',NULL,NULL,'2002-11-30 21:26:45','2008-08-05 11:11:10'),(79,79,'Id optio eos est velit. Odit et impedit sunt nemo. Ducimus sapiente placeat nemo facilis doloribus. Dolorem eum nihil qui doloribus alias a quos.',NULL,NULL,'2014-04-01 05:27:14','1996-06-30 18:33:08'),(80,80,'Doloremque sed doloremque qui ea asperiores aut et. At sed voluptate recusandae id. Odit quam asperiores odit a blanditiis cum. Ullam sint sit consequuntur doloremque labore et.',NULL,NULL,'1981-06-30 09:25:40','1976-02-02 05:12:19'),(81,81,'Eum sequi atque nam eos minima. Sed fugit et consequatur quaerat aut voluptas aspernatur. Ut praesentium omnis asperiores cupiditate sit laborum. Corporis accusantium dolorum aut odit impedit.',NULL,NULL,'2013-10-09 11:47:48','2006-04-01 04:25:55'),(82,82,'Eos tempore voluptatem magni totam natus rem. Ratione omnis excepturi dolores ut est dolorum. Quia et adipisci libero minima. Dolores provident modi voluptatem ut quos.',NULL,NULL,'1976-02-06 22:16:30','1976-07-23 17:24:18'),(83,83,'Est distinctio qui et quas dicta error dignissimos maiores. Qui delectus aut quae voluptatum autem blanditiis odit quia. Quis ut soluta libero natus autem. Neque voluptatem sit dolores enim dolorem reiciendis modi.',NULL,NULL,'1980-07-09 06:47:23','2004-03-04 17:25:32'),(84,84,'Aliquid ea voluptas quas expedita quia. Voluptatum itaque provident voluptas quas. Facere adipisci nulla id possimus est. Nihil veritatis vel eius.',NULL,NULL,'1997-08-21 04:50:11','1984-03-23 03:33:50'),(85,85,'Atque similique quae aut quia a numquam dolorem quia. Qui illo magnam impedit sed quia. Minima non delectus dignissimos quo numquam ut dolor sint.',NULL,NULL,'1978-10-07 21:50:40','1975-11-23 05:31:31'),(86,86,'Qui excepturi impedit molestiae voluptatibus ex soluta doloribus. Minima quis voluptatem dolor atque ratione beatae.',NULL,NULL,'1990-10-24 13:48:24','2008-07-02 04:52:13'),(87,87,'Non autem harum et magnam id eius cupiditate totam. Sed non velit tempora. Iste atque ut maxime.',NULL,NULL,'2015-03-18 02:37:22','2012-09-24 01:56:19'),(88,88,'Eos commodi ipsa cumque facere. Ut consequatur aut dolorem iure et qui. Quo aut est aut consequatur. Ut quo expedita ratione illo nesciunt. Alias perspiciatis voluptas nihil sint.',NULL,NULL,'1986-09-17 08:06:02','1992-04-21 04:17:16'),(89,89,'Quia hic distinctio aspernatur facilis reiciendis maxime. Eius illum sit et culpa delectus id earum dolore. Natus deleniti voluptatem sit architecto aut. Incidunt inventore possimus mollitia pariatur.',NULL,NULL,'1997-12-05 13:04:39','2010-02-11 22:38:36'),(90,90,'Dolore deleniti consequatur repellat optio. Distinctio est et nihil. Sint amet vero omnis omnis molestias distinctio eaque.',NULL,NULL,'2004-05-04 12:25:56','2004-07-29 05:41:54'),(91,91,'Quod perferendis ab est quo vero vero laudantium. Est blanditiis atque doloribus voluptatem architecto eum. Sapiente et itaque aliquam consequuntur.',NULL,NULL,'1998-05-05 03:49:46','1994-01-11 07:48:01'),(92,92,'Voluptatum omnis optio enim atque rerum. Consectetur voluptas placeat dolorum voluptatem. Sunt eligendi aut et. Cumque animi quod dignissimos.',NULL,NULL,'2011-01-07 21:41:57','1982-05-17 21:33:24'),(93,93,'Ut eveniet molestias quidem ullam. Maiores asperiores autem explicabo cumque veritatis quam. Expedita omnis nam ab eveniet eveniet est odio.',NULL,NULL,'2006-11-29 06:02:27','1992-07-09 17:05:41'),(94,94,'Pariatur non eos vitae nam sapiente ut est. Voluptate incidunt nesciunt ut.',NULL,NULL,'2003-05-31 00:52:38','2012-04-17 03:20:39'),(95,95,'Occaecati saepe voluptatem laborum eos et dignissimos. Numquam ex ut dolorem et.',NULL,NULL,'2011-06-08 18:37:53','1974-09-08 00:56:18'),(96,96,'Itaque dignissimos cum molestiae ut non. Corrupti voluptatum sed amet sint minima. Iure ipsam quaerat neque placeat enim earum aut. Rerum ea id temporibus et autem.',NULL,NULL,'1979-11-28 19:27:07','1985-02-08 02:09:10'),(97,97,'Consequatur inventore voluptatem eaque et molestiae voluptatem. Rerum qui excepturi est ea consequatur accusamus. Necessitatibus sed voluptatem atque hic debitis libero earum nostrum. Et dolorem qui eaque cum sunt.',NULL,NULL,'2019-08-26 11:12:10','1995-06-01 13:47:03'),(98,98,'Doloremque voluptas eligendi et eum nobis natus. Totam vitae eos est reiciendis id adipisci. Ut ad corrupti assumenda neque ut omnis.',NULL,NULL,'1985-12-08 21:36:56','2007-01-06 14:12:27'),(99,99,'Eligendi nam labore velit quasi rerum quam perspiciatis. Alias distinctio quia voluptatem aspernatur asperiores. Doloribus quis explicabo sit est ab ad. Earum sint qui deserunt soluta tenetur perspiciatis labore.',NULL,NULL,'2016-10-10 22:27:42','2017-06-20 17:55:13'),(100,100,'Quo quia perferendis sapiente vel. Et mollitia id sunt omnis omnis. Repellat doloremque placeat a qui eveniet. Repellendus tempora at dolorem id error.',NULL,NULL,'1984-10-11 16:01:09','1981-11-14 19:47:12');
/*!40000 ALTER TABLE `posts` ENABLE KEYS */;
UNLOCK TABLES;

--
-- Table structure for table `profiles`
--

DROP TABLE IF EXISTS `profiles`;
/*!40101 SET @saved_cs_client     = @@character_set_client */;
/*!50503 SET character_set_client = utf8mb4 */;
CREATE TABLE `profiles` (
  `id` bigint unsigned NOT NULL AUTO_INCREMENT,
  `user_id` bigint unsigned NOT NULL,
  `gender` char(1) CHARACTER SET utf8 COLLATE utf8_unicode_ci DEFAULT NULL,
  `name` varchar(100) CHARACTER SET utf8 COLLATE utf8_unicode_ci DEFAULT NULL,
  `surname` varchar(100) CHARACTER SET utf8 COLLATE utf8_unicode_ci DEFAULT NULL,
  `birthday` date DEFAULT NULL,
  `photo_id` bigint unsigned DEFAULT NULL,
  `created_at` datetime DEFAULT CURRENT_TIMESTAMP,
  `hometown` varchar(100) CHARACTER SET utf8 COLLATE utf8_unicode_ci DEFAULT NULL,
  PRIMARY KEY (`id`),
  KEY `user_id` (`user_id`),
  CONSTRAINT `profiles_ibfk_1` FOREIGN KEY (`user_id`) REFERENCES `users` (`id`)
) ENGINE=InnoDB AUTO_INCREMENT=101 DEFAULT CHARSET=utf8 COLLATE=utf8_unicode_ci;
/*!40101 SET character_set_client = @saved_cs_client */;

--
-- Dumping data for table `profiles`
--

LOCK TABLES `profiles` WRITE;
/*!40000 ALTER TABLE `profiles` DISABLE KEYS */;
INSERT INTO `profiles` VALUES (1,1,NULL,'ipsa','eaque','1998-07-12',NULL,'2014-06-13 10:32:42',NULL),(2,2,NULL,'dolorum','deleniti','1970-07-15',NULL,'2004-09-27 16:31:00',NULL),(3,3,NULL,'ipsum','voluptas','1987-12-15',NULL,'1972-02-28 13:30:52',NULL),(4,4,NULL,'error','cumque','2020-03-30',NULL,'1972-02-16 11:46:10',NULL),(5,5,NULL,'et','corrupti','2012-08-26',NULL,'2017-12-09 21:16:19',NULL),(6,6,NULL,'qui','qui','2016-07-09',NULL,'1984-05-10 20:01:40',NULL),(7,7,NULL,'magnam','repellendus','1974-12-26',NULL,'1997-06-29 19:26:06',NULL),(8,8,NULL,'maiores','similique','2011-08-03',NULL,'1995-11-08 16:58:21',NULL),(9,9,NULL,'delectus','ab','2009-06-02',NULL,'1999-11-09 08:43:01',NULL),(10,10,NULL,'animi','id','1994-03-24',NULL,'1973-02-07 11:14:05',NULL),(11,11,NULL,'cupiditate','aut','1987-12-02',NULL,'2012-03-14 10:26:05',NULL),(12,12,NULL,'et','repellat','1990-04-09',NULL,'2015-01-19 16:54:28',NULL),(13,13,NULL,'ut','nihil','1972-10-31',NULL,'2000-04-16 20:47:04',NULL),(14,14,NULL,'ipsum','laudantium','2009-04-01',NULL,'2011-12-21 12:11:08',NULL),(15,15,NULL,'beatae','quam','2006-08-13',NULL,'1998-05-28 05:18:15',NULL),(16,16,NULL,'totam','quia','1990-01-05',NULL,'2019-05-09 19:17:04',NULL),(17,17,NULL,'cumque','minima','1977-04-22',NULL,'1993-07-20 09:05:36',NULL),(18,18,NULL,'voluptas','ea','2012-07-26',NULL,'1975-01-20 03:36:37',NULL),(19,19,NULL,'molestiae','rerum','2010-11-22',NULL,'2008-12-13 23:22:23',NULL),(20,20,NULL,'sit','dicta','1986-08-03',NULL,'1984-02-14 07:10:52',NULL),(21,21,NULL,'et','mollitia','2010-09-12',NULL,'2004-07-27 04:21:45',NULL),(22,22,NULL,'sed','atque','1999-08-10',NULL,'2000-12-18 12:07:30',NULL),(23,23,NULL,'minima','et','2003-04-01',NULL,'1973-04-20 18:44:06',NULL),(24,24,NULL,'dolore','tenetur','1986-09-13',NULL,'1998-12-27 22:40:51',NULL),(25,25,NULL,'occaecati','vel','1980-04-24',NULL,'1973-06-17 09:03:36',NULL),(26,26,NULL,'ut','et','1989-02-22',NULL,'1993-11-11 21:59:53',NULL),(27,27,NULL,'voluptatem','natus','2007-03-05',NULL,'2000-11-24 11:38:11',NULL),(28,28,NULL,'nostrum','enim','1980-03-08',NULL,'1989-07-27 14:06:53',NULL),(29,29,NULL,'ut','similique','2017-08-24',NULL,'1996-12-27 17:49:54',NULL),(30,30,NULL,'dolorum','sed','1993-02-08',NULL,'1975-03-01 06:49:35',NULL),(31,31,NULL,'excepturi','autem','1977-09-24',NULL,'1995-12-18 00:54:22',NULL),(32,32,NULL,'consequatur','et','1984-08-18',NULL,'2013-05-29 02:56:45',NULL),(33,33,NULL,'soluta','dolorem','1978-08-28',NULL,'1989-07-26 01:27:16',NULL),(34,34,NULL,'cumque','tempora','2008-08-18',NULL,'1997-02-07 01:50:11',NULL),(35,35,NULL,'omnis','odit','1987-12-11',NULL,'1986-04-15 15:25:12',NULL),(36,36,NULL,'qui','et','1993-09-07',NULL,'1986-04-22 21:00:39',NULL),(37,37,NULL,'consequatur','occaecati','1997-07-16',NULL,'1980-02-07 05:18:14',NULL),(38,38,NULL,'rerum','similique','2020-04-12',NULL,'2006-08-02 05:13:59',NULL),(39,39,NULL,'est','eaque','1998-03-29',NULL,'2018-10-21 15:10:43',NULL),(40,40,NULL,'placeat','reiciendis','1971-09-25',NULL,'1978-09-06 12:47:06',NULL),(41,41,NULL,'sit','velit','1992-06-02',NULL,'2000-01-18 17:21:11',NULL),(42,42,NULL,'qui','rerum','1999-01-26',NULL,'2017-04-07 22:35:59',NULL),(43,43,NULL,'et','quas','1988-01-14',NULL,'2006-06-02 23:25:24',NULL),(44,44,NULL,'et','maxime','2010-12-23',NULL,'1985-10-30 12:14:57',NULL),(45,45,NULL,'enim','numquam','1993-01-03',NULL,'1974-07-20 05:53:04',NULL),(46,46,NULL,'cupiditate','cum','1980-06-19',NULL,'2004-12-09 18:11:58',NULL),(47,47,NULL,'vel','porro','1975-06-28',NULL,'2017-10-30 15:21:26',NULL),(48,48,NULL,'ratione','omnis','1972-05-26',NULL,'1975-04-04 00:13:21',NULL),(49,49,NULL,'inventore','sit','1983-02-15',NULL,'1993-02-11 17:52:03',NULL),(50,50,NULL,'culpa','odio','1991-02-21',NULL,'1972-04-20 12:18:52',NULL),(51,51,NULL,'incidunt','odit','2018-04-09',NULL,'2006-09-26 11:39:52',NULL),(52,52,NULL,'nobis','omnis','2011-05-15',NULL,'1988-02-24 02:19:44',NULL),(53,53,NULL,'assumenda','atque','1990-01-28',NULL,'1974-01-28 08:50:27',NULL),(54,54,NULL,'eveniet','odit','2019-08-18',NULL,'2003-11-03 10:44:43',NULL),(55,55,NULL,'eius','ipsa','2000-11-01',NULL,'2001-11-28 21:02:24',NULL),(56,56,NULL,'quidem','sit','2013-03-03',NULL,'2007-11-24 02:19:36',NULL),(57,57,NULL,'nostrum','consequatur','1991-02-05',NULL,'1996-11-10 14:07:48',NULL),(58,58,NULL,'animi','iste','2003-07-11',NULL,'2006-01-05 14:37:55',NULL),(59,59,NULL,'sit','magnam','2007-04-30',NULL,'2009-07-20 15:19:46',NULL),(60,60,NULL,'aut','suscipit','2016-04-14',NULL,'2017-11-22 19:52:19',NULL),(61,61,NULL,'ut','culpa','1975-08-07',NULL,'2012-06-24 01:58:50',NULL),(62,62,NULL,'voluptas','consectetur','2005-09-23',NULL,'2016-10-22 11:26:44',NULL),(63,63,NULL,'et','qui','2004-05-01',NULL,'1982-06-10 16:59:54',NULL),(64,64,NULL,'quia','nesciunt','1972-08-30',NULL,'1986-03-04 08:36:39',NULL),(65,65,NULL,'sit','voluptate','1973-08-22',NULL,'1987-09-20 05:32:34',NULL),(66,66,NULL,'quia','quos','1973-10-29',NULL,'1974-07-01 09:15:05',NULL),(67,67,NULL,'et','ea','2009-05-25',NULL,'2013-09-06 15:50:25',NULL),(68,68,NULL,'sint','cumque','1975-09-10',NULL,'1979-10-01 13:02:39',NULL),(69,69,NULL,'eveniet','et','1997-11-06',NULL,'1992-05-21 13:15:50',NULL),(70,70,NULL,'et','facilis','1991-01-27',NULL,'1982-02-26 08:21:01',NULL),(71,71,NULL,'sed','et','1985-02-03',NULL,'2013-05-12 09:02:08',NULL),(72,72,NULL,'consequatur','dolore','1982-12-03',NULL,'2017-08-05 11:20:35',NULL),(73,73,NULL,'temporibus','libero','2003-08-21',NULL,'1998-06-14 20:36:33',NULL),(74,74,NULL,'praesentium','voluptatem','1986-01-23',NULL,'2007-02-15 05:00:18',NULL),(75,75,NULL,'deleniti','officia','2015-11-13',NULL,'1975-05-28 18:22:21',NULL),(76,76,NULL,'ipsum','aut','2019-09-28',NULL,'1975-10-11 01:30:23',NULL),(77,77,NULL,'quas','in','1972-04-27',NULL,'1993-07-20 05:33:44',NULL),(78,78,NULL,'non','nostrum','1988-01-20',NULL,'2013-08-28 06:35:12',NULL),(79,79,NULL,'sint','libero','2004-03-17',NULL,'1979-03-26 06:46:50',NULL),(80,80,NULL,'aspernatur','minus','1987-12-23',NULL,'2014-05-19 11:58:49',NULL),(81,81,NULL,'aliquam','sequi','1998-04-02',NULL,'1990-07-23 16:14:42',NULL),(82,82,NULL,'et','temporibus','1971-07-15',NULL,'1997-01-07 13:48:08',NULL),(83,83,NULL,'tenetur','consectetur','1998-01-17',NULL,'1999-01-04 17:59:37',NULL),(84,84,NULL,'occaecati','qui','1993-09-09',NULL,'1970-09-17 03:01:09',NULL),(85,85,NULL,'magni','exercitationem','1977-10-03',NULL,'2000-02-07 11:03:58',NULL),(86,86,NULL,'consequuntur','voluptatem','2000-03-28',NULL,'1979-08-28 19:13:18',NULL),(87,87,NULL,'consequuntur','ut','1975-01-03',NULL,'1982-08-08 10:03:04',NULL),(88,88,NULL,'et','impedit','2001-02-27',NULL,'1986-06-17 21:40:52',NULL),(89,89,NULL,'ut','rerum','2010-03-26',NULL,'1992-01-13 00:46:52',NULL),(90,90,NULL,'maxime','odio','2016-08-15',NULL,'1995-04-21 19:28:23',NULL),(91,91,NULL,'nisi','rem','2004-08-22',NULL,'2005-01-05 23:29:10',NULL),(92,92,NULL,'magnam','et','2011-03-22',NULL,'1974-02-18 17:52:34',NULL),(93,93,NULL,'reprehenderit','commodi','2016-05-02',NULL,'2002-09-23 06:46:54',NULL),(94,94,NULL,'iste','distinctio','1983-04-14',NULL,'1983-08-13 14:08:40',NULL),(95,95,NULL,'doloribus','amet','2005-03-25',NULL,'1993-11-11 03:41:55',NULL),(96,96,NULL,'voluptatem','totam','2019-02-17',NULL,'2007-04-26 00:54:44',NULL),(97,97,NULL,'quia','et','1973-02-21',NULL,'1973-11-20 05:46:10',NULL),(98,98,NULL,'et','unde','2013-08-23',NULL,'1996-10-11 20:30:11',NULL),(99,99,NULL,'aliquid','est','1980-01-13',NULL,'2013-04-24 22:09:40',NULL),(100,100,NULL,'labore','ea','2007-10-09',NULL,'1991-03-27 13:40:52',NULL);
/*!40000 ALTER TABLE `profiles` ENABLE KEYS */;
UNLOCK TABLES;

--
-- Table structure for table `repost`
--

DROP TABLE IF EXISTS `repost`;
/*!40101 SET @saved_cs_client     = @@character_set_client */;
/*!50503 SET character_set_client = utf8mb4 */;
CREATE TABLE `repost` (
  `id` bigint unsigned NOT NULL AUTO_INCREMENT,
  `post_id` bigint unsigned NOT NULL,
  `reposted_to` bigint unsigned NOT NULL,
  `reposted_from` bigint unsigned NOT NULL,
  `reposted_at` datetime DEFAULT CURRENT_TIMESTAMP,
  PRIMARY KEY (`id`),
  KEY `reposted_to` (`reposted_to`),
  KEY `post_id` (`post_id`),
  CONSTRAINT `repost_ibfk_1` FOREIGN KEY (`reposted_to`) REFERENCES `users` (`id`),
  CONSTRAINT `repost_ibfk_2` FOREIGN KEY (`post_id`) REFERENCES `posts` (`id`)
) ENGINE=InnoDB AUTO_INCREMENT=701 DEFAULT CHARSET=utf8 COLLATE=utf8_unicode_ci;
/*!40101 SET character_set_client = @saved_cs_client */;

--
-- Dumping data for table `repost`
--

LOCK TABLES `repost` WRITE;
/*!40000 ALTER TABLE `repost` DISABLE KEYS */;
INSERT INTO `repost` VALUES (601,1,1,0,'1999-10-27 09:10:18'),(602,2,2,0,'1999-05-28 21:28:59'),(603,3,3,0,'1999-01-28 22:09:05'),(604,4,4,0,'1988-03-12 11:40:18'),(605,5,5,0,'2018-12-01 10:57:15'),(606,6,6,0,'1995-08-22 22:40:25'),(607,7,7,0,'2008-05-02 15:53:03'),(608,8,8,0,'1986-11-15 22:22:33'),(609,9,9,0,'2012-08-24 16:55:25'),(610,10,10,0,'2004-04-26 09:16:10'),(611,11,11,0,'2012-10-18 13:25:01'),(612,12,12,0,'1979-01-08 04:07:50'),(613,13,13,0,'1983-08-04 01:21:27'),(614,14,14,0,'2019-04-20 08:54:55'),(615,15,15,0,'1995-07-20 04:56:23'),(616,16,16,0,'1991-12-30 05:14:19'),(617,17,17,0,'2018-10-26 15:01:46'),(618,18,18,0,'1980-01-19 16:41:54'),(619,19,19,0,'1981-01-23 10:01:17'),(620,20,20,0,'2012-02-21 18:45:42'),(621,21,21,0,'1976-02-06 06:34:06'),(622,22,22,0,'2012-02-18 21:55:04'),(623,23,23,0,'1974-06-16 01:30:06'),(624,24,24,0,'2007-10-26 01:44:31'),(625,25,25,0,'1987-12-13 05:11:14'),(626,26,26,0,'1985-03-25 02:02:25'),(627,27,27,0,'1973-03-07 04:05:20'),(628,28,28,0,'1978-08-21 23:08:23'),(629,29,29,0,'1986-10-11 12:56:32'),(630,30,30,0,'2001-09-28 18:58:41'),(631,31,31,0,'2003-04-22 11:29:50'),(632,32,32,0,'1977-05-29 03:27:38'),(633,33,33,0,'1992-04-21 12:59:28'),(634,34,34,0,'2016-06-03 07:39:33'),(635,35,35,0,'1973-03-06 09:05:58'),(636,36,36,0,'1976-12-20 05:00:02'),(637,37,37,0,'2013-12-25 14:46:37'),(638,38,38,0,'1994-02-15 17:54:26'),(639,39,39,0,'1985-02-28 15:08:39'),(640,40,40,0,'1987-06-01 17:23:07'),(641,41,41,0,'2000-03-10 14:29:52'),(642,42,42,0,'2002-08-25 14:41:02'),(643,43,43,0,'2008-08-01 13:37:02'),(644,44,44,0,'1985-08-15 12:55:09'),(645,45,45,0,'2009-09-27 00:10:45'),(646,46,46,0,'1997-12-27 20:43:42'),(647,47,47,0,'2000-03-21 12:55:33'),(648,48,48,0,'2007-02-26 00:18:16'),(649,49,49,0,'2013-11-22 07:31:08'),(650,50,50,0,'1985-05-03 03:13:42'),(651,51,51,0,'1986-05-08 13:02:30'),(652,52,52,0,'1992-04-07 08:50:53'),(653,53,53,0,'2006-04-26 04:30:02'),(654,54,54,0,'2008-05-21 13:57:07'),(655,55,55,0,'1989-08-26 12:21:59'),(656,56,56,0,'1996-06-27 18:37:59'),(657,57,57,0,'1990-09-25 11:27:25'),(658,58,58,0,'1994-05-31 18:09:36'),(659,59,59,0,'1983-01-12 16:25:58'),(660,60,60,0,'1996-07-22 03:20:59'),(661,61,61,0,'1972-03-05 05:07:52'),(662,62,62,0,'1998-09-27 03:08:40'),(663,63,63,0,'1994-01-30 04:22:24'),(664,64,64,0,'1973-08-31 02:28:12'),(665,65,65,0,'2002-05-25 13:14:31'),(666,66,66,0,'1979-01-15 10:49:54'),(667,67,67,0,'2008-01-14 20:42:50'),(668,68,68,0,'1999-07-17 21:18:49'),(669,69,69,0,'1979-04-07 14:15:47'),(670,70,70,0,'2009-05-31 16:42:41'),(671,71,71,0,'2005-10-07 23:58:32'),(672,72,72,0,'2009-02-20 00:19:40'),(673,73,73,0,'2012-04-15 16:17:27'),(674,74,74,0,'1972-08-01 14:36:50'),(675,75,75,0,'1978-01-11 03:36:25'),(676,76,76,0,'1990-04-25 14:32:26'),(677,77,77,0,'2008-01-04 02:16:03'),(678,78,78,0,'2001-03-26 04:20:33'),(679,79,79,0,'1979-12-04 13:16:52'),(680,80,80,0,'1987-02-06 15:09:59'),(681,81,81,0,'1971-07-27 22:47:09'),(682,82,82,0,'1978-01-10 11:08:25'),(683,83,83,0,'1974-04-16 18:39:07'),(684,84,84,0,'2008-07-23 03:44:26'),(685,85,85,0,'1988-06-28 16:24:42'),(686,86,86,0,'1985-09-16 00:49:02'),(687,87,87,0,'2020-01-17 19:26:21'),(688,88,88,0,'2006-04-06 13:31:59'),(689,89,89,0,'1992-11-10 05:32:55'),(690,90,90,0,'1984-12-01 10:14:19'),(691,91,91,0,'1994-07-26 23:57:40'),(692,92,92,0,'1985-10-29 09:12:46'),(693,93,93,0,'2007-06-24 12:25:28'),(694,94,94,0,'1979-06-11 19:47:42'),(695,95,95,0,'2001-01-17 08:06:28'),(696,96,96,0,'1974-04-14 01:19:22'),(697,97,97,0,'1984-09-10 20:33:17'),(698,98,98,0,'1997-02-20 12:25:53'),(699,99,99,0,'1992-08-23 00:49:51'),(700,100,100,0,'1987-07-19 09:29:06');
/*!40000 ALTER TABLE `repost` ENABLE KEYS */;
UNLOCK TABLES;

--
-- Table structure for table `users`
--

DROP TABLE IF EXISTS `users`;
/*!40101 SET @saved_cs_client     = @@character_set_client */;
/*!50503 SET character_set_client = utf8mb4 */;
CREATE TABLE `users` (
  `id` bigint unsigned NOT NULL AUTO_INCREMENT,
  `email` varchar(120) CHARACTER SET utf8 COLLATE utf8_unicode_ci DEFAULT NULL,
  `phone` varchar(15) CHARACTER SET utf8 COLLATE utf8_unicode_ci DEFAULT NULL,
  `pass` varchar(200) CHARACTER SET utf8 COLLATE utf8_unicode_ci DEFAULT NULL,
  PRIMARY KEY (`id`),
  UNIQUE KEY `email` (`email`)
) ENGINE=InnoDB AUTO_INCREMENT=101 DEFAULT CHARSET=utf8 COLLATE=utf8_unicode_ci;
/*!40101 SET character_set_client = @saved_cs_client */;

--
-- Dumping data for table `users`
--

LOCK TABLES `users` WRITE;
/*!40000 ALTER TABLE `users` DISABLE KEYS */;
INSERT INTO `users` VALUES (1,'urunolfsson@example.org','+90(9)986836583',NULL),(2,'laurine93@example.com','837.041.9686',NULL),(3,'florencio09@example.com','197.205.3641',NULL),(4,'friesen.ursula@example.org','(287)187-8714x8',NULL),(5,'autumn.dooley@example.net','1-854-109-2454x',NULL),(6,'pabshire@example.com','194-795-9348',NULL),(7,'jones.julianne@example.org','1-188-817-3758x',NULL),(8,'donald50@example.org','545.048.2830x54',NULL),(9,'jerde.micaela@example.com','952.300.5069x32',NULL),(10,'davonte.kris@example.org','+38(1)540799354',NULL),(11,'ybrown@example.com','1-435-513-0268x',NULL),(12,'amira87@example.org','517.575.3141x29',NULL),(13,'vbeahan@example.com','+87(0)862389512',NULL),(14,'otha.weissnat@example.net','794-904-9320',NULL),(15,'osinski.kendra@example.com','718.567.6449x55',NULL),(16,'yhuel@example.org','1-762-788-6382',NULL),(17,'cmcglynn@example.net','964.396.7056x21',NULL),(18,'ymorar@example.net','(235)944-4732x0',NULL),(19,'moshe.collier@example.com','1-472-905-3479',NULL),(20,'ywitting@example.net','066-470-8877',NULL),(21,'eo\'kon@example.com','(947)349-9129',NULL),(22,'jwolf@example.com','908-036-2195x75',NULL),(23,'jules66@example.org','1-129-613-2467x',NULL),(24,'bernier.wilfredo@example.net','(610)226-8477x5',NULL),(25,'frederik.friesen@example.org','1-561-527-7609',NULL),(26,'adelia35@example.org','(611)563-2365',NULL),(27,'candice59@example.net','(455)820-6121x9',NULL),(28,'hodkiewicz.tierra@example.net','+66(2)873016618',NULL),(29,'kenny00@example.com','881.866.2159x15',NULL),(30,'corrine77@example.org','235-615-4781x27',NULL),(31,'leonel.littel@example.net','00063456428',NULL),(32,'eino.huels@example.net','+84(9)487788508',NULL),(33,'ondricka.astrid@example.org','09357865825',NULL),(34,'johnpaul74@example.com','08720994972',NULL),(35,'jonathon70@example.net','404-651-0155x03',NULL),(36,'adell.luettgen@example.com','1-634-834-8234x',NULL),(37,'roderick.mraz@example.com','+76(8)020401750',NULL),(38,'samson33@example.net','923.148.9627',NULL),(39,'ubuckridge@example.org','1-081-131-7543x',NULL),(40,'jake80@example.net','311-725-6264x82',NULL),(41,'wschumm@example.org','255.063.6249x45',NULL),(42,'mosciski.clark@example.com','+66(6)997302764',NULL),(43,'johnston.jonathan@example.com','574-880-3161',NULL),(44,'violette76@example.net','374-287-1518x20',NULL),(45,'ebony64@example.net','+34(7)098114866',NULL),(46,'iherzog@example.org','(113)246-8737',NULL),(47,'o\'keefe.rollin@example.com','+79(3)422498594',NULL),(48,'reagan.bins@example.net','117.792.7237x43',NULL),(49,'bechtelar.zack@example.net','424.995.4061x64',NULL),(50,'maynard16@example.com','+66(3)618301448',NULL),(51,'sam.lowe@example.org','368.479.3157x35',NULL),(52,'o\'keefe.jaquan@example.com','+12(2)281753214',NULL),(53,'sarah.cormier@example.net','1-480-850-4630',NULL),(54,'zoila65@example.org','(284)401-2240',NULL),(55,'lwintheiser@example.net','508-413-1451x36',NULL),(56,'milan76@example.org','074-805-0953x87',NULL),(57,'hdietrich@example.org','652.612.3447',NULL),(58,'llewellyn.ortiz@example.com','112.529.5730x65',NULL),(59,'marks.vicenta@example.com','1-612-058-9172x',NULL),(60,'qwalker@example.com','1-026-558-3963',NULL),(61,'alexys74@example.com','918-238-4067x64',NULL),(62,'adrienne71@example.org','361.372.8163x10',NULL),(63,'keaton00@example.net','1-605-583-5276x',NULL),(64,'qbatz@example.org','1-465-282-4617',NULL),(65,'heath66@example.net','07709751587',NULL),(66,'rernser@example.org','08510926211',NULL),(67,'mekhi39@example.org','746.799.8743',NULL),(68,'gkreiger@example.net','(783)818-0204x5',NULL),(69,'jwilliamson@example.org','435.039.1690',NULL),(70,'wyman.van@example.org','623-966-9177',NULL),(71,'dhoeger@example.com','952.016.6538',NULL),(72,'wwunsch@example.org','1-906-223-5402x',NULL),(73,'mpadberg@example.net','050-579-5819',NULL),(74,'breana.leannon@example.com','1-875-665-0935',NULL),(75,'rkoepp@example.org','338.853.7175x17',NULL),(76,'sallie.krajcik@example.com','1-797-569-4100x',NULL),(77,'ruecker.dangelo@example.org','1-000-343-5977x',NULL),(78,'malvina56@example.com','1-403-671-8323',NULL),(79,'lexus.moen@example.org','05358360387',NULL),(80,'valentina17@example.org','1-729-487-1109x',NULL),(81,'renner.myra@example.org','(961)106-0954',NULL),(82,'koss.wilford@example.com','466.032.5243x30',NULL),(83,'williamson.nicole@example.com','877.676.7701',NULL),(84,'wpowlowski@example.com','569-141-2392x40',NULL),(85,'jessyca.weber@example.org','1-906-472-6578',NULL),(86,'bflatley@example.com','+56(6)953824237',NULL),(87,'breanne09@example.net','317-103-6137',NULL),(88,'casandra.heidenreich@example.org','334.408.4835x90',NULL),(89,'jordi08@example.org','1-783-592-9077x',NULL),(90,'skye54@example.net','658.847.6974x64',NULL),(91,'misael57@example.org','(438)566-5486x7',NULL),(92,'schaden.nels@example.net','372-732-2275',NULL),(93,'legros.houston@example.net','776-752-7728',NULL),(94,'moore.krystel@example.org','(966)554-8447',NULL),(95,'furman21@example.org','+56(0)696201628',NULL),(96,'bulah44@example.com','(669)856-7109',NULL),(97,'qbartell@example.net','099-968-1137x89',NULL),(98,'hreichert@example.com','268.157.9927x97',NULL),(99,'kristin61@example.net','(192)378-7183x7',NULL),(100,'vcorkery@example.org','1-169-624-9628',NULL);
/*!40000 ALTER TABLE `users` ENABLE KEYS */;
UNLOCK TABLES;

--
-- Table structure for table `users_communities`
--

DROP TABLE IF EXISTS `users_communities`;
/*!40101 SET @saved_cs_client     = @@character_set_client */;
/*!50503 SET character_set_client = utf8mb4 */;
CREATE TABLE `users_communities` (
  `user_id` bigint unsigned NOT NULL,
  `community_id` bigint unsigned NOT NULL,
  `is_admin` tinyint(1) DEFAULT NULL,
  PRIMARY KEY (`user_id`,`community_id`),
  KEY `community_id` (`community_id`),
  CONSTRAINT `users_communities_ibfk_1` FOREIGN KEY (`user_id`) REFERENCES `users` (`id`),
  CONSTRAINT `users_communities_ibfk_2` FOREIGN KEY (`community_id`) REFERENCES `communities` (`id`)
) ENGINE=InnoDB DEFAULT CHARSET=utf8 COLLATE=utf8_unicode_ci;
/*!40101 SET character_set_client = @saved_cs_client */;

--
-- Dumping data for table `users_communities`
--

LOCK TABLES `users_communities` WRITE;
/*!40000 ALTER TABLE `users_communities` DISABLE KEYS */;
INSERT INTO `users_communities` VALUES (1,1,0),(2,2,0),(3,3,0),(4,4,1),(5,5,1),(6,6,0),(7,7,1),(8,8,0),(9,9,0),(10,10,0),(11,11,0),(12,12,1),(13,13,1),(14,14,1),(15,15,1),(16,16,0),(17,17,0),(18,18,1),(19,19,1),(20,20,1),(21,21,0),(22,22,0),(23,23,1),(24,24,0),(25,25,0),(26,26,0),(27,27,0),(28,28,0),(29,29,0),(30,30,1),(31,31,1),(32,32,1),(33,33,0),(34,34,0),(35,35,1),(36,36,1),(37,37,0),(38,38,1),(39,39,0),(40,40,0),(41,41,0),(42,42,1),(43,43,1),(44,44,0),(45,45,1),(46,46,0),(47,47,1),(48,48,1),(49,49,1),(50,50,0),(51,51,0),(52,52,0),(53,53,0),(54,54,1),(55,55,0),(56,56,0),(57,57,0),(58,58,1),(59,59,0),(60,60,0),(61,61,0),(62,62,0),(63,63,1),(64,64,1),(65,65,0),(66,66,0),(67,67,1),(68,68,1),(69,69,0),(70,70,1),(71,71,1),(72,72,0),(73,73,0),(74,74,1),(75,75,0),(76,76,0),(77,77,0),(78,78,1),(79,79,1),(80,80,1),(81,81,0),(82,82,0),(83,83,1),(84,84,1),(85,85,1),(86,86,1),(87,87,1),(88,88,0),(89,89,0),(90,90,0),(91,91,0),(92,92,0),(93,93,0),(94,94,1),(95,95,0),(96,96,1),(97,97,1),(98,98,0),(99,99,0),(100,100,0);
/*!40000 ALTER TABLE `users_communities` ENABLE KEYS */;
UNLOCK TABLES;
/*!40103 SET TIME_ZONE=@OLD_TIME_ZONE */;

/*!40101 SET SQL_MODE=@OLD_SQL_MODE */;
/*!40014 SET FOREIGN_KEY_CHECKS=@OLD_FOREIGN_KEY_CHECKS */;
/*!40014 SET UNIQUE_CHECKS=@OLD_UNIQUE_CHECKS */;
/*!40101 SET CHARACTER_SET_CLIENT=@OLD_CHARACTER_SET_CLIENT */;
/*!40101 SET CHARACTER_SET_RESULTS=@OLD_CHARACTER_SET_RESULTS */;
/*!40101 SET COLLATION_CONNECTION=@OLD_COLLATION_CONNECTION */;
/*!40111 SET SQL_NOTES=@OLD_SQL_NOTES */;

-- Dump completed on 2020-07-15 23:20:54
